file,date,wmo,lat,lon,in_domain,data_mode,position_qc,n_levels,max_pressure_dbar
20200101_prof.nc,2020-01-01,2902266,14.154,67.388,True,D,1,314,2001.0
20200101_prof.nc,2020-01-01,6902943,14.131915,60.65595666666667,True,D,1,908,1494.0999755859375
20200101_prof.nc,2020-01-01,2902282,16.832,89.402,True,D,1,103,2030.0
20200101_prof.nc,2020-01-01,2902280,15.869,92.396,True,D,1,101,1987.0
20200101_prof.nc,2020-01-01,2901307,8.145,66.665,True,D,1,58,1899.300048828125
20200101_prof.nc,2020-01-01,2902125,12.205831666666667,62.135525,True,D,1,95,1958.0999755859375
20200101_prof.nc,2020-01-01,2901857,11.415,66.628,True,D,1,996,1991.800048828125
20200101_prof.nc,2020-01-01,2901512,10.666,63.109,True,D,1,74,1999.800048828125
20200101_prof.nc,2020-01-01,2902609,6.742,61.399,True,D,1,99,1979.0
20200102_prof.nc,2020-01-02,2901340,14.364,66.857,True,D,1,58,1899.9000244140625
20200102_prof.nc,2020-01-02,6902947,11.358863333333334,47.120855,True,D,1,697,1207.9000244140625
20200102_prof.nc,2020-01-02,6902948,13.457351666666666,49.20428166666667,True,D,1,697,1196.800048828125
20200102_prof.nc,2020-01-02,2902265,15.647,72.459,True,D,1,294,1586.0
20200102_prof.nc,2020-01-02,2902283,13.823,87.733,True,D,1,102,2009.0
20200102_prof.nc,2020-01-02,5905086,5.13,53.184,True,D,1,510,1997.0999755859375
20200102_prof.nc,2020-01-02,2902764,5.665,89.637,True,A,1,101,1983.199951171875
20200102_prof.nc,2020-01-02,2902206,16.436,68.466,True,D,1,59,2000.800048828125
20200102_prof.nc,2020-01-02,2902619,9.662,56.985,True,D,1,100,2011.0
20200102_prof.nc,2020-01-02,2902652,11.833,54.993,True,D,1,99,1982.0
20200103_prof.nc,2020-01-03,2902202,17.442,68.006,True,A,1,996,1992.300048828125
20200103_prof.nc,2020-01-03,2902175,15.871,69.984,True,D,1,998,1995.5999755859375
20200103_prof.nc,2020-01-03,2902211,17.768,66.969,True,A,1,1000,1997.5
20200103_prof.nc,2020-01-03,2902210,20.116,65.399,True,A,1,1000,1993.5999755859375
20200103_prof.nc,2020-01-03,6902943,14.109396666666667,60.70265333333333,True,D,1,923,1536.300048828125
20200103_prof.nc,2020-01-03,2901337,16.412,70.399,True,D,1,59,1998.9000244140625
20200103_prof.nc,2020-01-03,2902128,10.621076666666667,67.30735333333334,True,D,1,96,1985.199951171875
20200103_prof.nc,2020-01-03,2902230,12.783333333333333,85.23333333333333,True,D,1,268,2026.199951171875
20200103_prof.nc,2020-01-03,2902659,5.034,61.1,True,D,1,101,1979.0
20200103_prof.nc,2020-01-03,2902682,5.196,87.135,True,D,1,74,2000.5999755859375
20200103_prof.nc,2020-01-03,2902596,13.506,89.154,True,D,1,98,1964.0
20200104_prof.nc,2020-01-04,2902174,14.104,72.729,True,A,1,984,1968.4000244140625
20200104_prof.nc,2020-01-04,2901339,11.627,67.346,True,D,1,59,2000.800048828125
20200104_prof.nc,2020-01-04,2902270,15.579268,68.393837,True,D,1,995,1991.8699951171875
20200104_prof.nc,2020-01-04,1901898,17.8201,55.9289,True,A,1,7,60.099998474121094
20200104_prof.nc,2020-01-04,2902263,17.260276666666666,65.48207166666667,True,R,1,340,1975.0999755859375
20200104_prof.nc,2020-01-04,2902152,5.198,75.768,True,D,1,58,1899.699951171875
20200104_prof.nc,2020-01-04,6902947,11.493865,47.05534333333333,True,D,1,693,1215.300048828125
20200104_prof.nc,2020-01-04,6902948,13.580296666666667,49.34973333333333,True,D,1,699,1223.5
20200104_prof.nc,2020-01-04,2902285,14.574,84.878,True,D,1,101,1978.0
20200104_prof.nc,2020-01-04,2901338,16.072,68.653,True,D,1,58,1900.0999755859375
20200104_prof.nc,2020-01-04,2901892,9.595,88.598,True,D,1,298,1944.6500244140625
20200104_prof.nc,2020-01-04,2902234,14.616666666666667,85.38333333333334,True,D,1,267,2011.4000244140625
20200104_prof.nc,2020-01-04,2902235,13.616666666666667,92.25,True,D,1,248,1576.5999755859375
20200104_prof.nc,2020-01-04,2902233,13.283333333333333,86.63333333333334,True,D,1,269,1983.699951171875
20200104_prof.nc,2020-01-04,2902232,10.766666666666667,85.53333333333333,True,D,1,266,1981.0
20200104_prof.nc,2020-01-04,2903135,5.17747,86.45904,True,D,1,1153,2005.3599853515625
20200105_prof.nc,2020-01-05,2902200,12.828,63.314,True,D,1,59,1999.9000244140625
20200105_prof.nc,2020-01-05,2902394,5.02675,80.74952,True,D,1,505,999.8800048828125
20200105_prof.nc,2020-01-05,2902264,13.119488333333333,88.57512666666666,True,D,1,340,1968.199951171875
20200105_prof.nc,2020-01-05,2902199,15.121,68.41,True,A,1,993,1985.4000244140625
20200105_prof.nc,2020-01-05,2901858,12.498,71.703,True,D,1,66,1501.5999755859375
20200105_prof.nc,2020-01-05,6902943,14.068953333333333,60.74151166666667,True,D,1,910,1527.4000244140625
20200105_prof.nc,2020-01-05,2902278,17.441,91.609,True,D,1,101,1990.0
20200105_prof.nc,2020-01-05,2902279,18.183,91.177,True,D,1,101,1983.0
20200105_prof.nc,2020-01-05,2902294,8.56137,89.33741,True,D,1,966,1981.0699462890625
20200105_prof.nc,2020-01-05,5905082,15.121,54.2,True,D,1,509,1997.199951171875
20200105_prof.nc,2020-01-05,2902198,11.225,60.212,True,D,1,59,2000.9000244140625
20200105_prof.nc,2020-01-05,2902663,10.302,69.739,True,D,1,101,1985.0
20200105_prof.nc,2020-01-05,2902236,16.816666666666666,85.4,True,A,1,103,2010.0999755859375
20200106_prof.nc,2020-01-06,2902275,20.113199,68.163063,True,D,1,992,1985.780029296875
20200106_prof.nc,2020-01-06,5905085,11.009,63.512,True,D,1,510,1947.199951171875
20200106_prof.nc,2020-01-06,5905084,11.989,60.527,True,D,1,509,1997.9000244140625
20200106_prof.nc,2020-01-06,6902947,11.662218333333334,46.74349,True,D,1,698,1208.9000244140625
20200106_prof.nc,2020-01-06,6902948,13.47179,49.47604333333334,True,D,1,700,1221.5
20200106_prof.nc,2020-01-06,2902282,16.842,89.407,True,D,1,103,2031.0
20200106_prof.nc,2020-01-06,2902280,15.707,92.544,True,D,1,94,1976.0
20200106_prof.nc,2020-01-06,2902267,16.345,58.189,True,D,1,334,1961.0
20200106_prof.nc,2020-01-06,2902201,18.38,61.371,True,D,1,58,1899.9000244140625
20200106_prof.nc,2020-01-06,2902255,13.176,62.742,True,A,1,311,1964.0
20200106_prof.nc,2020-01-06,2902680,10.459,90.902,True,D,1,74,1998.0
20200106_prof.nc,2020-01-06,2902257,17.312,70.317,True,D,1,337,1987.0
20200106_prof.nc,2020-01-06,2902256,17.334,64.171,True,D,1,334,1988.0
20200106_prof.nc,2020-01-06,5905083,9.597,67.373,True,D,1,511,1997.5999755859375
20200106_prof.nc,2020-01-06,2902557,12.977,46.715,True,D,1,99,1934.0
20200106_prof.nc,2020-01-06,2902605,9.929,88.577,True,D,1,99,1977.0
20200107_prof.nc,2020-01-07,2902388,10.20725,65.94666,True,D,1,522,1033.3599853515625
20200107_prof.nc,2020-01-07,2901900,8.9116,55.624,True,D,1,54,1982.4000244140625
20200107_prof.nc,2020-01-07,2902261,13.955,68.951,True,D,1,336,1982.0
20200107_prof.nc,2020-01-07,2902260,11.75,70.671,True,D,1,333,1976.0
20200107_prof.nc,2020-01-07,2902259,13.98,64.792,True,D,1,335,2026.0
20200107_prof.nc,2020-01-07,5905089,11.4,67.485,True,D,1,510,1997.9000244140625
20200107_prof.nc,2020-01-07,2902277,19.682463,66.372787,True,D,1,995,1991.449951171875
20200107_prof.nc,2020-01-07,2902393,11.55355,68.18897,True,D,1,513,1016.1199951171875
20200107_prof.nc,2020-01-07,6902943,14.018288333333333,60.77231833333333,True,D,1,921,1537.800048828125
20200107_prof.nc,2020-01-07,2902268,18.077,61.438,True,D,1,336,2009.0
20200107_prof.nc,2020-01-07,2902283,14.103,87.579,True,D,1,101,2006.0
20200107_prof.nc,2020-01-07,2902203,16.772,65.401,True,D,1,59,2000.5999755859375
20200107_prof.nc,2020-01-07,2901851,7.907,66.419,True,D,1,70,1972.5
20200107_prof.nc,2020-01-07,2902118,13.231211666666667,68.56990833333333,True,D,1,137,1977.5
20200107_prof.nc,2020-01-07,5905088,9.845,70.194,True,D,1,510,1997.4000244140625
20200107_prof.nc,2020-01-07,2901860,13.332,55.422,True,D,1,996,1992.0
20200107_prof.nc,2020-01-07,2902390,15.36331,59.97665,True,D,1,951,1891.9200439453125
20200108_prof.nc,2020-01-08,2902262,11.908,58.408,True,D,1,337,1986.0
20200108_prof.nc,2020-01-08,2902269,15.561,62.706,True,D,1,333,1982.0
20200108_prof.nc,2020-01-08,6902948,13.24174,49.36631,True,D,1,699,1210.699951171875
20200108_prof.nc,2020-01-08,6902947,11.943805,46.383608333333335,True,D,1,694,1225.699951171875
20200108_prof.nc,2020-01-08,2901853,10.388,59.662,True,D,1,996,1992.0999755859375
20200108_prof.nc,2020-01-08,1901897,10.7708,57.4613,True,D,1,54,2000.199951171875
20200108_prof.nc,2020-01-08,2902120,16.669986666666667,66.15306166666667,True,D,1,137,1977.4000244140625
20200108_prof.nc,2020-01-08,2902389,11.54517,63.2071,True,D,1,510,1009.3200073242188
20200108_prof.nc,2020-01-08,2901859,15.789,53.986,True,D,1,997,1993.800048828125
20200108_prof.nc,2020-01-08,2902230,12.5,85.2,True,D,1,263,2033.0999755859375
20200108_prof.nc,2020-01-08,1901739,12.481,59.464,True,D,1,991,1984.300048828125
20200109_prof.nc,2020-01-09,2901855,7.398,59.37,True,D,1,981,1962.0999755859375
20200109_prof.nc,2020-01-09,2902271,15.593395,69.336685,True,D,1,994,1989.780029296875
20200109_prof.nc,2020-01-09,2902276,19.632713,67.761909,True,D,1,993,1987.989990234375
20200109_prof.nc,2020-01-09,6902943,13.977803333333334,60.788125,True,D,1,911,1507.699951171875
20200109_prof.nc,2020-01-09,1901517,6.683,55.318,True,D,1,72,1951.800048828125
20200109_prof.nc,2020-01-09,2902285,14.349,84.865,True,D,1,102,2007.0
20200109_prof.nc,2020-01-09,2902209,10.5,53.211,True,D,1,246,491.20001220703125
20200109_prof.nc,2020-01-09,2901895,8.917,89.87,True,D,1,298,1945.6800537109375
20200109_prof.nc,2020-01-09,2901898,10.8524,89.3553,True,D,1,352,2001.4000244140625
20200109_prof.nc,2020-01-09,2902234,14.483333333333333,85.25,True,D,1,226,2012.0
20200109_prof.nc,2020-01-09,2902232,10.9,85.58333333333333,True,D,1,264,2010.4000244140625
20200109_prof.nc,2020-01-09,2902235,13.55,92.08333333333333,True,D,1,268,2005.699951171875
20200109_prof.nc,2020-01-09,2902233,13.43894,86.78327,True,D,1,45,1238.0
20200109_prof.nc,2020-01-09,2902558,10.524,67.925,True,D,1,98,1983.0
20200110_prof.nc,2020-01-10,2902274,19.44846,64.468102,True,D,1,993,1988.010009765625
20200110_prof.nc,2020-01-10,2901857,11.136,66.715,True,D,1,987,1973.300048828125
20200110_prof.nc,2020-01-10,2902264,13.097968333333334,88.63261333333334,True,D,1,340,1970.300048828125
20200110_prof.nc,2020-01-10,2902273,18.117886,69.034851,True,D,1,993,1987.9100341796875
20200110_prof.nc,2020-01-10,2902278,17.266,91.711,True,D,1,100,1962.0
20200110_prof.nc,2020-01-10,6902947,12.355231666666667,46.208931666666665,True,D,1,691,1203.699951171875
20200110_prof.nc,2020-01-10,6902948,13.201963333333333,49.1415,True,D,1,699,1203.5
20200110_prof.nc,2020-01-10,2902279,18.057,91.217,True,D,1,103,2011.0
20200110_prof.nc,2020-01-10,2902272,17.140467,67.048248,True,D,1,995,1991.81005859375
20200110_prof.nc,2020-01-10,2902254,13.963,70.122,True,A,1,337,2004.0
20200110_prof.nc,2020-01-10,2902391,14.90056,56.4806,True,D,1,1023,2036.0400390625
20200110_prof.nc,2020-01-10,2902236,16.566666666666666,85.16666666666667,True,A,1,103,2013.699951171875
20200110_prof.nc,2020-01-10,2901569,5.686,74.904,True,D,1,97,1962.0
20200110_prof.nc,2020-01-10,2901856,13.183,69.468,True,D,1,991,1984.4000244140625
20200111_prof.nc,2020-01-11,2902275,20.162855,68.194244,True,D,1,991,1983.6700439453125
20200111_prof.nc,2020-01-11,6902943,13.931915,60.779125,True,D,1,890,1497.300048828125
20200111_prof.nc,2020-01-11,2902280,15.591,92.577,True,D,1,101,1979.0
20200111_prof.nc,2020-01-11,2902282,16.89,89.357,True,D,1,102,2013.0
20200111_prof.nc,2020-01-11,2902266,13.852,67.498,True,D,1,335,1983.0
20200111_prof.nc,2020-01-11,2901307,8.005,66.682,True,D,1,58,1899.699951171875
20200111_prof.nc,2020-01-11,2902125,12.395048333333333,62.511298333333336,True,D,1,95,1952.9000244140625
20200111_prof.nc,2020-01-11,2902771,7.556,83.8,True,D,1,101,1976.9000244140625
20200111_prof.nc,2020-01-11,2901512,10.514,63.02,True,D,1,74,2000.5
20200111_prof.nc,2020-01-11,2902609,6.362,60.901,True,D,1,99,2010.0
20200112_prof.nc,2020-01-12,2902596,13.165,89.289,True,D,1,100,1963.0
20200112_prof.nc,2020-01-12,2901340,14.333,66.901,True,D,1,59,1998.800048828125
20200112_prof.nc,2020-01-12,6902947,12.812863333333333,46.29398,True,D,1,696,1202.199951171875
20200112_prof.nc,2020-01-12,6902948,13.377195,48.960676666666664,True,D,1,700,1236.0999755859375
20200112_prof.nc,2020-01-12,2902283,14.307,87.384,True,D,1,101,1982.0
20200112_prof.nc,2020-01-12,2902265,15.901,72.293,True,D,1,308,1362.0
20200112_prof.nc,2020-01-12,2902764,5.454,89.419,True,A,1,99,1984.300048828125
20200112_prof.nc,2020-01-12,2902206,16.485,68.582,True,D,1,59,2000.699951171875
20200112_prof.nc,2020-01-12,2902619,8.897,57.284,True,D,1,99,1969.0
20200112_prof.nc,2020-01-12,2902652,11.929,55.523,True,D,1,101,2002.0
20200113_prof.nc,2020-01-13,2902175,15.759,69.908,True,D,1,990,1979.9000244140625
20200113_prof.nc,2020-01-13,2902210,20.05,65.429,True,A,1,993,1983.0999755859375
20200113_prof.nc,2020-01-13,2902211,17.629,66.767,True,A,1,994,1988.0
20200113_prof.nc,2020-01-13,2903135,5.1266,86.27069,True,D,1,1152,2003.1600341796875
20200113_prof.nc,2020-01-13,2902202,17.368,68.175,True,A,1,996,1991.5
20200113_prof.nc,2020-01-13,6902943,13.88241,60.75389333333333,True,D,1,908,1511.0
20200113_prof.nc,2020-01-13,2901337,16.189,70.266,True,D,1,59,1999.0999755859375
20200113_prof.nc,2020-01-13,2902128,10.332348333333334,67.26636666666667,True,D,1,94,1965.800048828125
20200113_prof.nc,2020-01-13,2902230,12.283333333333333,85.21666666666667,True,D,1,264,2012.0999755859375
20200113_prof.nc,2020-01-13,2902682,5.354,86.941,True,D,1,74,1899.5999755859375
20200114_prof.nc,2020-01-14,2901339,11.753,67.185,True,D,1,58,1899.5999755859375
20200114_prof.nc,2020-01-14,1901898,17.849,56.0913,True,D,1,5,45.599998474121094
20200114_prof.nc,2020-01-14,2902174,14.312,72.396,True,D,1,995,1989.300048828125
20200114_prof.nc,2020-01-14,2902270,15.510567,68.219872,True,D,1,999,1997.4599609375
20200114_prof.nc,2020-01-14,2902263,17.433708333333332,65.40309833333333,True,R,1,340,1966.9000244140625
20200114_prof.nc,2020-01-14,2902152,5.355,75.442,True,D,1,58,1900.4000244140625
20200114_prof.nc,2020-01-14,6902948,13.590448333333333,48.95930666666667,True,D,1,694,1213.699951171875
20200114_prof.nc,2020-01-14,6902947,13.051773333333333,46.78653166666667,True,D,1,693,1235.0999755859375
20200114_prof.nc,2020-01-14,2902285,14.099,84.853,True,D,1,101,1976.0
20200114_prof.nc,2020-01-14,2901338,16.023,68.632,True,D,1,59,1999.199951171875
20200114_prof.nc,2020-01-14,2901892,9.794,88.685,True,D,1,298,1946.4300537109375
20200114_prof.nc,2020-01-14,2902234,14.283333333333333,85.13333333333334,True,D,1,271,2029.5
20200114_prof.nc,2020-01-14,2902232,11.05,85.7,True,D,1,269,1976.800048828125
20200114_prof.nc,2020-01-14,2902233,13.7,86.93333333333334,True,D,1,264,1989.199951171875
20200114_prof.nc,2020-01-14,2902235,13.4,92.05,True,D,1,264,2005.300048828125
20200115_prof.nc,2020-01-15,2902264,13.026943333333334,88.65871,True,D,1,340,1969.199951171875
20200115_prof.nc,2020-01-15,2901858,12.807,71.733,True,D,1,67,1695.0999755859375
20200115_prof.nc,2020-01-15,6902943,13.81618,60.718331666666664,True,D,1,908,1520.9000244140625
20200115_prof.nc,2020-01-15,2902278,17.153,91.818,True,D,1,98,2009.0
20200115_prof.nc,2020-01-15,2902279,17.926,91.262,True,D,1,99,1964.0
20200115_prof.nc,2020-01-15,2902394,5.01436,80.87053,True,D,1,501,992.0399780273438
20200115_prof.nc,2020-01-15,2902199,15.057,68.272,True,A,1,997,1993.199951171875
20200115_prof.nc,2020-01-15,2902775,5.476,81.787,True,D,1,102,2002.0
20200115_prof.nc,2020-01-15,5905082,14.76,54.583,True,D,1,510,1997.4000244140625
20200115_prof.nc,2020-01-15,2902236,16.433333333333334,84.8,True,A,1,102,2009.800048828125
20200115_prof.nc,2020-01-15,2902198,11.714,60.401,True,D,1,58,1899.9000244140625
20200115_prof.nc,2020-01-15,2902663,10.166,69.745,True,D,1,100,1964.0
20200116_prof.nc,2020-01-16,2902390,15.62885,59.46585,True,D,1,578,1145.1600341796875
20200116_prof.nc,2020-01-16,1902194,5.096,64.326,True,D,1,983,1967.0999755859375
20200116_prof.nc,2020-01-16,2902275,20.291262,68.180618,True,D,1,995,1989.52001953125
20200116_prof.nc,2020-01-16,5905084,11.791,61.172,True,D,1,511,1996.0999755859375
20200116_prof.nc,2020-01-16,5905085,11.062,63.6,True,D,1,509,1997.5999755859375
20200116_prof.nc,2020-01-16,6902948,13.720695,49.137605,True,D,1,701,1231.4000244140625
20200116_prof.nc,2020-01-16,6902947,12.943095,47.306355,True,D,1,689,1261.0999755859375
20200116_prof.nc,2020-01-16,2902282,16.937,89.285,True,D,1,99,1935.0
20200116_prof.nc,2020-01-16,2902280,15.485,92.591,True,D,1,103,2026.0
20200116_prof.nc,2020-01-16,2902267,16.049,57.808,True,D,1,336,2008.0
20200116_prof.nc,2020-01-16,2902257,17.372,70.359,True,D,1,317,2001.0
20200116_prof.nc,2020-01-16,2902201,18.2,61.718,True,D,1,59,2000.0999755859375
20200116_prof.nc,2020-01-16,2902680,10.525,91.041,True,D,1,74,1899.9000244140625
20200116_prof.nc,2020-01-16,2902256,17.054,64.211,True,D,1,102,1981.0
20200116_prof.nc,2020-01-16,2902255,13.281,62.636,True,A,1,336,2009.0
20200116_prof.nc,2020-01-16,5905083,9.598,67.267,True,D,1,509,1947.800048828125
20200116_prof.nc,2020-01-16,2902557,12.785,48.082,True,D,1,101,1985.0
20200116_prof.nc,2020-01-16,2902200,12.624,63.402,True,D,1,59,2000.300048828125
20200116_prof.nc,2020-01-16,2902605,9.98,88.635,True,D,1,98,1978.0
20200117_prof.nc,2020-01-17,2902389,11.47236,63.15455,True,D,1,519,1027.800048828125
20200117_prof.nc,2020-01-17,1901739,12.698,59.444,True,D,1,997,1995.4000244140625
20200117_prof.nc,2020-01-17,2901900,8.651,55.2379,True,D,1,54,2002.699951171875
20200117_prof.nc,2020-01-17,2902388,9.91416,65.694,True,D,1,1023,2036.0799560546875
20200117_prof.nc,2020-01-17,2902261,13.94,68.989,True,D,1,332,2013.0
20200117_prof.nc,2020-01-17,2902260,11.676,70.668,True,D,1,335,2033.0
20200117_prof.nc,2020-01-17,5905089,11.613,67.368,True,D,1,510,1997.5
20200117_prof.nc,2020-01-17,2902277,19.347721,66.37532,True,D,1,996,1993.68994140625
20200117_prof.nc,2020-01-17,2902268,17.9,61.523,True,D,1,329,1977.0
20200117_prof.nc,2020-01-17,6902943,13.733081666666667,60.68827,True,D,1,896,1502.0999755859375
20200117_prof.nc,2020-01-17,2902203,16.767,65.414,True,D,1,59,1900.199951171875
20200117_prof.nc,2020-01-17,2902283,14.662,87.084,True,D,1,101,1980.0
20200117_prof.nc,2020-01-17,2901851,7.717,66.477,True,D,1,70,1992.9000244140625
20200117_prof.nc,2020-01-17,2902118,13.256,68.802665,True,D,1,137,1982.300048828125
20200117_prof.nc,2020-01-17,5905088,10.163,70.03,True,D,1,508,1947.4000244140625
20200117_prof.nc,2020-01-17,2902393,11.7297,68.12184,True,D,1,502,993.3200073242188
20200117_prof.nc,2020-01-17,2901860,14.198,55.034,True,D,1,995,1991.800048828125
20200118_prof.nc,2020-01-18,2902262,11.728,58.159,True,D,1,335,2026.0
20200118_prof.nc,2020-01-18,6902948,13.714968333333333,49.329455,True,D,1,698,1206.5
20200118_prof.nc,2020-01-18,6902947,12.661531666666667,47.59262666666667,True,D,1,690,1222.300048828125
20200118_prof.nc,2020-01-18,2902269,15.469,62.701,True,D,1,334,2001.0
20200118_prof.nc,2020-01-18,1901897,10.3319,56.8654,True,D,1,54,1986.5999755859375
20200118_prof.nc,2020-01-18,2902120,16.660971666666665,66.11368833333333,True,D,1,136,1985.800048828125
20200118_prof.nc,2020-01-18,2901853,11.344,59.48,True,D,1,997,1995.4000244140625
20200118_prof.nc,2020-01-18,2902230,12.2,85.3,True,D,1,262,2035.5
20200118_prof.nc,2020-01-18,2901859,15.693,53.607,True,D,1,997,1995.5
20200118_prof.nc,2020-01-18,2902259,14.275,64.725,True,D,1,331,1982.0
20200119_prof.nc,2020-01-19,2902391,13.98217,56.27989,True,D,1,508,1005.719970703125
20200119_prof.nc,2020-01-19,2901856,13.073,69.624,True,D,1,995,1991.5
20200119_prof.nc,2020-01-19,2902271,15.52089,69.187462,True,D,1,995,1991.43994140625
20200119_prof.nc,2020-01-19,2901855,7.058,58.921,True,D,1,993,1988.4000244140625
20200119_prof.nc,2020-01-19,2902276,19.344322,67.62487,True,D,1,995,1991.4000244140625
20200119_prof.nc,2020-01-19,6902943,13.667878333333332,60.674695,True,D,1,896,1487.300048828125
20200119_prof.nc,2020-01-19,2902285,14.027,84.8,True,D,1,101,2006.0
20200119_prof.nc,2020-01-19,2901895,8.421,89.944,True,D,1,299,1996.1400146484375
20200119_prof.nc,2020-01-19,2901898,10.7121,89.7207,True,D,1,351,1949.0999755859375
20200119_prof.nc,2020-01-19,2902209,10.954,53.181,True,D,1,246,493.1000061035156
20200119_prof.nc,2020-01-19,2902234,14.2,85.0,True,D,1,269,2027.4000244140625
20200119_prof.nc,2020-01-19,2902235,13.183333333333334,92.05,True,D,1,262,1928.699951171875
20200119_prof.nc,2020-01-19,2902233,14.016666666666667,86.91666666666667,True,D,1,262,2000.800048828125
20200119_prof.nc,2020-01-19,2902232,11.216666666666667,85.8,True,D,1,270,1984.5999755859375
20200119_prof.nc,2020-01-19,2902558,10.778,67.831,True,D,1,100,1978.0
20200120_prof.nc,2020-01-20,2902274,19.331778,64.244431,True,D,1,992,1985.780029296875
20200120_prof.nc,2020-01-20,2901857,11.046,66.725,True,D,1,993,1988.5
20200120_prof.nc,2020-01-20,2902264,12.909761666666666,88.64418166666667,True,D,1,340,1974.699951171875
20200120_prof.nc,2020-01-20,2902273,18.427053,68.955978,True,D,1,992,1985.3699951171875
20200120_prof.nc,2020-01-20,6902948,13.621423333333333,49.42843833333333,True,D,1,694,1202.800048828125
20200120_prof.nc,2020-01-20,6902947,12.363066666666667,47.68828333333333,True,D,1,691,1221.300048828125
20200120_prof.nc,2020-01-20,2902279,17.833,91.304,True,D,1,95,1979.0
20200120_prof.nc,2020-01-20,2902278,17.063,91.956,True,D,1,99,1963.0
20200120_prof.nc,2020-01-20,2902272,17.10001,67.128349,True,D,1,995,1991.8399658203125
20200120_prof.nc,2020-01-20,1901517,6.816,54.628,True,D,1,72,1942.4000244140625
20200120_prof.nc,2020-01-20,2902254,14.016,70.107,True,A,1,333,1967.0
20200120_prof.nc,2020-01-20,2901569,6.087,74.839,True,D,1,101,1983.0
20200120_prof.nc,2020-01-20,2902236,16.45,84.48333333333333,True,A,1,103,2012.199951171875
20200121_prof.nc,2020-01-21,6902943,13.584976666666666,60.65347833333333,True,D,1,901,1522.0
20200121_prof.nc,2020-01-21,2902282,17.006,89.262,True,D,1,103,2011.0
20200121_prof.nc,2020-01-21,2902266,13.533,67.634,True,D,1,336,1981.0
20200121_prof.nc,2020-01-21,2902280,15.518,92.667,True,D,1,101,1988.0
20200121_prof.nc,2020-01-21,2902125,12.66964,62.59036166666667,True,D,1,93,1929.0999755859375
20200121_prof.nc,2020-01-21,2902771,8.716,83.541,True,D,1,101,1979.4000244140625
20200121_prof.nc,2020-01-21,2901512,10.566,63.001,True,D,1,73,1899.300048828125
20200121_prof.nc,2020-01-21,2902609,6.242,60.359,True,D,1,101,1984.0
20200122_prof.nc,2020-01-22,2902682,5.648,86.853,True,D,1,74,2000.4000244140625
20200122_prof.nc,2020-01-22,2902275,20.459278,68.156387,True,D,1,993,1987.5
20200122_prof.nc,2020-01-22,2901340,14.213,66.943,True,D,1,58,1899.4000244140625
20200122_prof.nc,2020-01-22,6902948,13.468605,49.370581666666666,True,D,1,697,1228.9000244140625
20200122_prof.nc,2020-01-22,6902947,12.105771666666667,47.666646666666665,True,D,1,687,1203.5
20200122_prof.nc,2020-01-22,2902283,14.918,86.728,True,D,1,100,1976.0
20200122_prof.nc,2020-01-22,2902265,15.97,72.108,True,D,1,319,1656.0
20200122_prof.nc,2020-01-22,2902206,16.527,68.817,True,D,1,57,1900.0
20200122_prof.nc,2020-01-22,2902652,10.441,55.339,True,D,1,98,1976.0
20200122_prof.nc,2020-01-22,2902619,9.075,58.24,True,D,1,89,1688.0
20200123_prof.nc,2020-01-23,2902202,17.368,68.455,True,A,1,998,1995.0999755859375
20200123_prof.nc,2020-01-23,2902210,19.921,65.502,True,A,1,998,1989.5
20200123_prof.nc,2020-01-23,2902175,15.759,69.691,True,D,1,997,1994.0
20200123_prof.nc,2020-01-23,2902211,17.5,66.631,True,A,1,1000,1995.5
20200123_prof.nc,2020-01-23,2903135,5.23775,86.22679,True,D,1,1154,2007.6800537109375
20200123_prof.nc,2020-01-23,6902943,13.525798333333332,60.649231666666665,True,D,1,910,1508.4000244140625
20200123_prof.nc,2020-01-23,2901337,15.978,70.119,True,D,1,58,1899.699951171875
20200123_prof.nc,2020-01-23,2902128,10.281116666666666,67.15660166666666,True,D,1,96,1981.199951171875
20200123_prof.nc,2020-01-23,2902230,12.283333333333333,85.41666666666667,True,D,1,265,2012.199951171875
20200123_prof.nc,2020-01-23,2902596,13.138,89.343,True,D,1,99,1964.0
20200124_prof.nc,2020-01-24,2902174,14.086,72.764,True,A,1,968,1935.0
20200124_prof.nc,2020-01-24,2901339,11.878,67.099,True,D,1,58,1900.300048828125
20200124_prof.nc,2020-01-24,2902270,15.446778,68.0019,True,D,1,997,1995.989990234375
20200124_prof.nc,2020-01-24,1901898,17.8341,56.1625,True,D,1,6,53.099998474121094
20200124_prof.nc,2020-01-24,2902263,17.609028333333335,65.07094833333333,True,R,1,340,1976.0
20200124_prof.nc,2020-01-24,2902152,5.386,75.014,True,D,1,58,1899.9000244140625
20200124_prof.nc,2020-01-24,6902947,11.86182,47.496125,True,D,1,685,1185.699951171875
20200124_prof.nc,2020-01-24,6902948,13.400965,49.15738666666667,True,D,1,699,1231.300048828125
20200124_prof.nc,2020-01-24,2902285,14.06,84.658,True,D,1,101,2013.0
20200124_prof.nc,2020-01-24,2901338,15.957,68.603,True,D,1,59,2000.9000244140625
20200124_prof.nc,2020-01-24,2901892,9.854,89.019,True,D,1,297,1996.0999755859375
20200124_prof.nc,2020-01-24,2902234,14.233333333333333,84.85,True,D,1,271,2026.4000244140625
20200124_prof.nc,2020-01-24,2902232,11.416666666666666,85.86666666666666,True,D,1,269,1975.699951171875
20200124_prof.nc,2020-01-24,2902233,14.3,86.8,True,D,1,268,2027.4000244140625
20200124_prof.nc,2020-01-24,2902235,12.766666666666667,91.98333333333333,True,D,1,263,1953.199951171875
20200125_prof.nc,2020-01-25,2902264,12.800828333333333,88.62807666666667,True,D,1,340,1969.300048828125
20200125_prof.nc,2020-01-25,2901858,12.921,71.651,True,D,1,67,1679.0999755859375
20200125_prof.nc,2020-01-25,6902943,13.470056666666666,60.65161666666667,True,D,1,913,1516.9000244140625
20200125_prof.nc,2020-01-25,2902278,17.016,92.003,True,D,1,103,2027.0
20200125_prof.nc,2020-01-25,2902279,17.87,91.397,True,D,1,102,2014.0
20200125_prof.nc,2020-01-25,2902395,5.27081,78.64587,True,D,1,501,992.0800170898438
20200125_prof.nc,2020-01-25,2902199,15.057,68.069,True,A,1,993,1986.199951171875
20200125_prof.nc,2020-01-25,2902775,6.116,82.252,True,D,1,102,2001.5999755859375
20200125_prof.nc,2020-01-25,2902394,5.41068,80.72424,True,D,1,511,1011.6400146484375
20200125_prof.nc,2020-01-25,5905082,16.384,54.168,True,D,1,510,1997.4000244140625
20200125_prof.nc,2020-01-25,2902236,16.5,84.15,True,A,1,103,2010.699951171875
20200125_prof.nc,2020-01-25,2902198,11.489,60.931,True,D,1,58,1900.0
20200125_prof.nc,2020-01-25,2902663,10.476,69.687,True,D,1,100,1964.0
20200126_prof.nc,2020-01-26,2902393,11.71242,68.15831,True,D,1,508,1005.0399780273438
20200126_prof.nc,2020-01-26,2901860,15.465,54.427,True,D,1,992,1986.5
20200126_prof.nc,2020-01-26,5905085,11.073,63.833,True,D,1,510,1997.300048828125
20200126_prof.nc,2020-01-26,2902280,15.492,92.608,True,D,1,102,2011.0
20200126_prof.nc,2020-01-26,5905084,11.456,61.637,True,D,1,510,1997.699951171875
20200126_prof.nc,2020-01-26,6902947,11.707628333333334,47.17225333333333,True,D,1,692,1201.300048828125
20200126_prof.nc,2020-01-26,6902948,13.487376666666666,49.022845,True,D,1,698,1213.4000244140625
20200126_prof.nc,2020-01-26,2902267,15.729,57.355,True,D,1,314,2013.0
20200126_prof.nc,2020-01-26,2902282,17.021,89.201,True,D,1,101,1983.0
20200126_prof.nc,2020-01-26,2902201,18.106,61.803,True,D,1,58,1900.0
20200126_prof.nc,2020-01-26,2902390,16.03228,58.99336,True,D,1,581,1151.8399658203125
20200126_prof.nc,2020-01-26,2902255,13.229,62.565,True,A,1,330,2013.0
20200126_prof.nc,2020-01-26,2902256,16.534,64.182,True,D,1,333,1982.0
20200126_prof.nc,2020-01-26,2902257,17.327,70.259,True,D,1,330,1978.0
20200126_prof.nc,2020-01-26,2902680,10.58,90.872,True,D,1,74,1998.0999755859375
20200126_prof.nc,2020-01-26,5905083,9.645,67.131,True,D,1,510,1995.199951171875
20200126_prof.nc,2020-01-26,2902557,13.372,47.547,True,D,1,101,1983.0
20200126_prof.nc,2020-01-26,2902200,12.284,63.456,True,D,1,59,2000.4000244140625
20200126_prof.nc,2020-01-26,2902605,10.057,89.035,True,D,1,100,1964.0
20200127_prof.nc,2020-01-27,2901900,8.3457,55.3062,True,D,1,54,1996.0
20200127_prof.nc,2020-01-27,2901859,16.046,53.945,True,D,1,992,1983.300048828125
20200127_prof.nc,2020-01-27,1901739,12.648,59.794,True,D,1,990,1981.0999755859375
20200127_prof.nc,2020-01-27,2902260,11.683,70.649,True,D,1,319,1982.0
20200127_prof.nc,2020-01-27,2902261,13.942,68.941,True,D,1,335,2026.0
20200127_prof.nc,2020-01-27,5905089,11.715,67.33,True,D,1,510,1996.199951171875
20200127_prof.nc,2020-01-27,2902277,18.775412,66.416557,True,D,1,994,1989.9300537109375
20200127_prof.nc,2020-01-27,2902268,17.595,61.434,True,D,1,315,2014.0
20200127_prof.nc,2020-01-27,6902943,13.387698333333333,60.64046833333333,True,D,1,913,1521.699951171875
20200127_prof.nc,2020-01-27,2902389,11.39057,63.18062,True,D,1,507,1004.0399780273438
20200127_prof.nc,2020-01-27,2902283,15.12,86.473,True,D,1,100,1963.0
20200127_prof.nc,2020-01-27,2902203,16.955,65.302,True,D,1,59,1999.5
20200127_prof.nc,2020-01-27,2902388,9.6469,65.20209,True,D,1,507,1003.2000122070312
20200127_prof.nc,2020-01-27,2902118,13.24903,68.96599166666667,True,D,1,136,1987.699951171875
20200127_prof.nc,2020-01-27,2901851,7.647,66.383,True,D,1,71,2002.0
20200127_prof.nc,2020-01-27,5905088,10.545,69.88,True,D,1,510,1997.699951171875
20200128_prof.nc,2020-01-28,2902275,20.647459,68.060425,True,D,1,995,1991.6300048828125
20200128_prof.nc,2020-01-28,2902262,12.039,58.221,True,D,1,102,1984.0
20200128_prof.nc,2020-01-28,6902948,13.672995,49.03791,True,D,1,695,1231.0
20200128_prof.nc,2020-01-28,6902947,11.629958333333333,46.689565,True,D,1,694,1214.800048828125
20200128_prof.nc,2020-01-28,2902269,15.443,62.596,True,D,1,331,1989.0
20200128_prof.nc,2020-01-28,1901897,10.2836,56.8941,True,D,1,54,2001.5
20200128_prof.nc,2020-01-28,2902120,16.877006666666666,66.003545,True,D,1,137,1983.4000244140625
20200128_prof.nc,2020-01-28,2901853,11.738,59.703,True,D,1,992,1985.699951171875
20200128_prof.nc,2020-01-28,2902230,12.516666666666667,85.58333333333333,True,D,1,263,2012.5999755859375
20200128_prof.nc,2020-01-28,2902259,14.328,64.75,True,D,1,97,1988.0
20200129_prof.nc,2020-01-29,2902271,15.472682,69.034203,True,D,1,993,1987.8900146484375
20200129_prof.nc,2020-01-29,2902276,19.0495,67.447319,True,D,1,991,1983.8900146484375
20200129_prof.nc,2020-01-29,2901856,12.985,69.643,True,D,1,992,1985.300048828125
20200129_prof.nc,2020-01-29,6902943,13.342856666666666,60.682833333333335,True,D,1,901,1496.4000244140625
20200129_prof.nc,2020-01-29,2902391,14.05049,55.6952,True,D,1,515,1019.0800170898438
20200129_prof.nc,2020-01-29,2902285,14.146,84.479,True,D,1,101,2007.0
20200129_prof.nc,2020-01-29,2901855,6.487,58.217,True,D,1,996,1993.5999755859375
20200129_prof.nc,2020-01-29,2901895,7.847,90.062,True,D,1,299,1944.7900390625
20200129_prof.nc,2020-01-29,2901898,10.7938,89.9029,True,D,1,350,1949.5
20200129_prof.nc,2020-01-29,2902234,14.333333333333334,84.66666666666667,True,D,1,268,1980.0
20200129_prof.nc,2020-01-29,2902232,11.616666666666667,85.91666666666667,True,D,1,257,2027.5
20200129_prof.nc,2020-01-29,2902235,12.6,92.03333333333333,True,D,1,269,2008.5999755859375
20200129_prof.nc,2020-01-29,2902233,14.516666666666667,86.65,True,D,1,268,2007.9000244140625
20200129_prof.nc,2020-01-29,2902558,10.762,67.748,True,D,1,100,1983.0
20200130_prof.nc,2020-01-30,2902274,19.258543,63.999496,True,D,1,994,1989.3399658203125
20200130_prof.nc,2020-01-30,2902294,8.254811,89.125969,True,D,1,973,1973.6400146484375
20200130_prof.nc,2020-01-30,2902264,12.738838333333334,88.60552166666666,True,D,1,340,1969.800048828125
20200130_prof.nc,2020-01-30,2902273,18.808786,68.754692,True,D,1,994,1989.260009765625
20200130_prof.nc,2020-01-30,6902947,11.585808333333333,46.25788166666667,True,D,1,692,1213.5
20200130_prof.nc,2020-01-30,6902948,13.950598333333334,49.219498333333334,True,D,1,703,1241.9000244140625
20200130_prof.nc,2020-01-30,2902279,17.851,91.462,True,D,1,103,2030.0
20200130_prof.nc,2020-01-30,2902278,16.994,91.999,True,D,1,102,2009.0
20200130_prof.nc,2020-01-30,2901857,10.94,66.686,True,D,1,997,1995.5999755859375
20200130_prof.nc,2020-01-30,2901513,5.175,69.914,True,D,1,74,2000.300048828125
20200130_prof.nc,2020-01-30,2902272,16.922377,67.441643,True,D,1,994,1989.199951171875
20200130_prof.nc,2020-01-30,2902254,13.987,70.079,True,R,1,101,1933.0
20200130_prof.nc,2020-01-30,2901569,6.326,74.817,True,D,1,101,1978.0
20200130_prof.nc,2020-01-30,2902236,16.683333333333334,83.98333333333333,True,A,1,104,2029.0999755859375
20200131_prof.nc,2020-01-31,6902943,13.339925,60.72569166666667,True,D,1,900,1525.5
20200131_prof.nc,2020-01-31,2902282,17.148,89.165,True,D,1,103,2032.0
20200131_prof.nc,2020-01-31,2902266,13.26,67.679,True,D,1,315,1983.0
20200131_prof.nc,2020-01-31,2902280,15.486,92.531,True,D,1,102,2011.0
20200131_prof.nc,2020-01-31,2902125,12.753971666666667,62.68944333333334,True,D,1,96,1981.300048828125
20200131_prof.nc,2020-01-31,2902771,9.885,83.941,True,D,1,99,1966.5
20200131_prof.nc,2020-01-31,2901512,10.608,62.911,True,D,1,74,2000.5
20200131_prof.nc,2020-01-31,1901517,7.004,54.156,True,D,1,72,1927.199951171875
20200131_prof.nc,2020-01-31,2902609,6.127,60.095,True,D,1,101,1983.0
