year,depth_m,lat,lon,n_days,n_below_3C,n_near_zero,min_degC,max_degC
2015,318.127,15.0,50.5833,365,365,1,-0.654,2.5636
2015,318.127,15.0,50.6667,365,365,0,-0.8481,2.5365
2015,380.213,15.0,50.5833,365,365,365,0.0001,0.0001
2015,380.213,15.0,50.6667,365,365,365,0.0001,0.0001
2015,453.938,15.0,50.5833,365,365,365,0.0001,0.0001
2015,453.938,15.0,50.6667,365,365,365,0.0001,0.0001
2016,318.127,15.0,50.5833,366,366,6,-1.3264,0.8409
2016,318.127,15.0,50.6667,366,366,6,-1.6919,0.1429
2016,380.213,15.0,50.5833,366,366,366,0.0001,0.0001
2016,380.213,15.0,50.6667,366,366,366,0.0001,0.0001
2016,453.938,15.0,50.5833,366,366,366,0.0001,0.0001
2016,453.938,15.0,50.6667,366,366,366,0.0001,0.0001
2017,318.127,15.0,50.5833,365,365,2,-0.3141,1.5485
2017,318.127,15.0,50.6667,365,365,10,-0.2643,1.5917
2017,380.213,15.0,50.5833,365,365,365,0.0001,0.0001
2017,380.213,15.0,50.6667,365,365,365,0.0001,0.0001
2017,453.938,15.0,50.5833,365,365,365,0.0001,0.0001
2017,453.938,15.0,50.6667,365,365,365,0.0001,0.0001
2018,318.127,15.0,50.5833,365,365,0,-1.2077,2.2318
2018,318.127,15.0,50.6667,365,365,1,-1.8325,2.1344
2018,380.213,15.0,50.5833,365,365,365,0.0001,0.0001
2018,380.213,15.0,50.6667,365,365,365,0.0001,0.0001
2018,453.938,15.0,50.5833,365,365,365,0.0001,0.0001
2018,453.938,15.0,50.6667,365,365,365,0.0001,0.0001
2019,318.127,15.0,50.5833,365,365,1,-1.1945,0.0733
2019,318.127,15.0,50.6667,365,365,0,-1.3513,-0.0153
2019,380.213,15.0,50.5833,365,365,365,0.0001,0.0001
2019,380.213,15.0,50.6667,365,365,365,0.0001,0.0001
2019,453.938,15.0,50.5833,365,365,365,0.0001,0.0001
2019,453.938,15.0,50.6667,365,365,365,0.0001,0.0001
2020,318.127,15.0,50.5833,366,366,3,-0.5258,2.3498
2020,318.127,15.0,50.6667,366,366,1,-0.8788,2.5336
2020,380.213,15.0,50.5833,366,366,366,0.0001,0.0001
2020,380.213,15.0,50.6667,366,366,366,0.0001,0.0001
2020,453.938,15.0,50.5833,366,366,366,0.0001,0.0001
2020,453.938,15.0,50.6667,366,366,366,0.0001,0.0001
2021,318.127,15.0,50.5833,365,271,0,-0.2306,3.4792
2021,318.127,15.0,50.6667,365,284,0,-0.3427,3.5488
2021,380.213,15.0,50.5833,365,365,365,0.0001,0.0001
2021,380.213,15.0,50.6667,365,365,365,0.0001,0.0001
2021,453.938,15.0,50.5833,365,365,365,0.0001,0.0001
2021,453.938,15.0,50.6667,365,365,365,0.0001,0.0001
2022,318.127,15.0,50.5833,365,365,0,-0.3647,2.5988
2022,318.127,15.0,50.6667,365,365,6,-0.09,2.7966
2022,380.213,15.0,50.5833,365,365,293,-2.9897,0.0001
2022,380.213,15.0,50.6667,365,365,290,-2.9993,0.0001
2022,453.938,15.0,50.5833,365,365,334,-2.9993,0.0001
2022,453.938,15.0,50.6667,365,365,324,-2.9993,0.0001
2023,318.127,15.0,50.5833,365,347,0,-1.0239,3.091
2023,318.127,15.0,50.6667,365,357,0,-1.4685,3.0778
2023,380.213,15.0,50.5833,365,365,283,-2.9971,0.0001
2023,380.213,15.0,50.6667,365,365,282,-2.9956,0.0001
2023,453.938,15.0,50.5833,365,365,365,0.0001,0.0001
2023,453.938,15.0,50.6667,365,365,365,0.0001,0.0001
2024,318.127,15.0,50.5833,350,350,0,-2.3635,-0.1969
2024,318.127,15.0,50.6667,350,350,0,-2.3686,-0.2453
2024,380.213,15.0,50.5833,350,350,350,0.0001,0.0001
2024,380.213,15.0,50.6667,350,350,350,0.0001,0.0001
2024,453.938,15.0,50.5833,350,350,350,0.0001,0.0001
2024,453.938,15.0,50.6667,350,350,350,0.0001,0.0001
