lat,lon,n_values,n_distinct_dates,years,n_years,depths_m,min_degC,max_degC,n_below_plausible,n_above_plausible,n_near_zero,classification
26.0,50.75,115,63,"2016,2017,2020,2021,2022,2023,2024",7,"0,5",36.000457763671875,36.622302912175655,0,115,0,persistent cell (recurs across many years and dates)
28.75,51.0,111,57,"2017,2021,2022,2023,2024",5,"0,5",36.00558487325907,36.59666736423969,0,111,0,persistent cell (recurs across many years and dates)
30.0,48.75,74,58,"2015,2016,2017,2024",4,"0,5",36.01009610652013,38.28165798146798,0,74,0,shallow warm extreme - likely REAL (check basin)
29.0,50.75,47,27,"2022,2023,2024",3,"0,5",36.00338754057884,36.53953671455383,0,47,0,shallow warm extreme - likely REAL (check basin)
26.25,51.0,42,24,"2016,2017,2022,2023,2024",5,"0,5",36.004119984805584,36.33957944065333,0,42,0,shallow warm extreme - likely REAL (check basin)
30.0,49.0,40,30,"2015,2016,2017,2023",4,"0,5",36.011444427073,37.8144252601191,0,40,0,shallow warm extreme - likely REAL (check basin)
29.75,48.5,39,36,"2015,2016,2017",3,"0,5",36.001162703780246,38.168072331333406,0,39,0,shallow warm extreme - likely REAL (check basin)
24.75,51.75,35,22,"2021,2023,2024",3,"0,5",36.00192265212536,36.4355296343565,0,35,0,shallow warm extreme - likely REAL (check basin)
25.0,51.75,32,20,"2021,2023,2024",3,"0,5",36.004119984805584,36.43479719012976,0,32,0,shallow warm extreme - likely REAL (check basin)
24.5,53.0,31,16,2023,1,"0,5",36.00338754057884,36.250221244990826,0,31,0,shallow warm extreme - likely REAL (check basin)
26.5,50.25,27,16,"2017,2022,2023,2024",4,"0,5",36.00192265212536,36.23337502777576,0,27,0,shallow warm extreme - likely REAL (check basin)
29.5,50.5,27,15,"2022,2023",2,"0,5",36.01437420397997,36.35569321364164,0,27,0,shallow warm extreme - likely REAL (check basin)
26.25,51.25,23,14,"2017,2024",2,"0,5",36.00924709439278,36.237769693136215,0,23,0,shallow warm extreme - likely REAL (check basin)
25.0,52.5,22,14,2023,1,"0,5",36.00714079773476,36.35056610405445,0,22,0,shallow warm extreme - likely REAL (check basin)
25.25,52.0,20,13,"2021,2023",2,"0,5",36.00631731748581,36.46409495919943,0,20,0,shallow warm extreme - likely REAL (check basin)
24.5,53.25,20,12,2023,1,"0,5",36.00704976171255,36.22678302973509,0,20,0,shallow warm extreme - likely REAL (check basin)
24.75,52.0,17,12,2023,1,"0,5",36.0057669453035,36.253883466124535,0,17,0,shallow warm extreme - likely REAL (check basin)
25.25,51.75,14,9,2023,1,"0,5",36.012176871299744,36.35276343673468,0,14,0,shallow warm extreme - likely REAL (check basin)
24.5,52.75,14,11,2023,1,"0,5",36.01437420397997,36.16525771468878,0,14,0,shallow warm extreme - likely REAL (check basin)
24.75,52.75,11,5,2023,1,"0,5,10",36.004852429032326,36.21579636633396,0,11,0,shallow warm extreme - likely REAL (check basin)
25.25,52.25,11,7,2023,1,"0,5",36.0042110208278,36.26926479488611,0,11,0,shallow warm extreme - likely REAL (check basin)
24.25,53.0,10,6,2023,1,"0,5",36.037079975008965,36.13669238984585,0,10,0,shallow warm extreme - likely REAL (check basin)
25.25,50.75,10,10,"2016,2017",2,5,36.05224657891825,36.60979080633862,0,10,0,shallow warm extreme - likely REAL (check basin)
24.25,53.25,10,6,2023,1,"0,5",36.00338754057884,36.12790305912495,0,10,0,shallow warm extreme - likely REAL (check basin)
25.0,52.25,10,6,2023,1,"0,5,10",36.00600874436549,36.16086304932833,0,10,0,shallow warm extreme - likely REAL (check basin)
24.25,53.5,9,5,2023,1,"0,5",36.00558487325907,36.12863550335169,0,9,0,shallow warm extreme - likely REAL (check basin)
24.5,52.0,9,7,2023,1,"0,5",36.01158098110633,36.19162570685148,0,9,0,shallow warm extreme - likely REAL (check basin)
27.75,51.75,9,5,2023,1,"0,5",36.010757500857366,36.10373239964247,0,9,0,shallow warm extreme - likely REAL (check basin)
29.75,50.25,8,6,2023,1,"0,5",36.012909315526485,36.10739462077618,0,8,0,shallow warm extreme - likely REAL (check basin)
27.75,49.0,7,4,2017,1,"0,5",36.06628670805642,36.190160818398,0,7,0,shallow warm extreme - likely REAL (check basin)
25.5,55.5,7,4,2024,1,"0,5",36.08908351510763,36.41428875178099,0,7,0,shallow warm extreme - likely REAL (check basin)
25.25,55.25,7,4,2024,1,"0,5",36.053926192224026,36.28611101210117,0,7,0,shallow warm extreme - likely REAL (check basin)
26.5,55.0,6,3,2024,1,"0,5",36.012176871299744,36.13449505716562,0,6,0,shallow warm extreme - likely REAL (check basin)
29.5,48.5,6,6,2017,1,5,36.17503281009845,36.7047924412661,0,6,0,shallow warm extreme - likely REAL (check basin)
25.5,51.75,4,4,2023,1,0,36.07736440747976,36.12497328221798,0,4,0,shallow warm extreme - likely REAL (check basin)
24.25,52.75,4,4,2023,1,0,36.004852429032326,36.049531526863575,0,4,0,shallow warm extreme - likely REAL (check basin)
25.5,52.0,3,3,2023,1,0,36.008514650166035,36.016571536660194,0,3,0,shallow warm extreme - likely REAL (check basin)
24.5,53.75,3,3,2023,1,0,36.000457763671875,36.06784263253212,0,3,0,shallow warm extreme - likely REAL (check basin)
24.75,52.5,3,3,2023,1,0,36.00704976171255,36.05099641531706,0,3,0,shallow warm extreme - likely REAL (check basin)
24.75,53.0,3,2,2023,1,"0,5",36.020415829838335,36.14548172056675,0,3,0,shallow warm extreme - likely REAL (check basin)
12.0,48.5,3,1,2024,1,"0,5,10",36.01024940112179,36.04367197304964,0,3,0,shallow warm extreme - likely REAL (check basin)
26.0,50.25,3,3,2017,1,0,36.00997953861952,36.14474927634001,0,3,0,shallow warm extreme - likely REAL (check basin)
24.75,53.75,3,3,2023,1,0,36.00338754057884,36.011444427073,0,3,0,shallow warm extreme - likely REAL (check basin)
28.5,51.0,3,2,2023,1,"0,5",36.01881023130251,36.13888972252607,0,3,0,shallow warm extreme - likely REAL (check basin)
11.75,48.0,2,1,2024,1,"0,5",36.02484770111185,36.06637774407864,0,2,0,shallow warm extreme - likely REAL (check basin)
26.5,54.75,2,2,2024,1,0,36.00704976171255,36.10446484386921,0,2,0,shallow warm extreme - likely REAL (check basin)
26.5,50.75,2,2,"2023,2024",2,0,36.08029418438673,36.13815727829933,0,2,0,shallow warm extreme - likely REAL (check basin)
25.5,50.75,2,2,2017,1,5,36.01595110722886,36.06207471032469,0,2,0,shallow warm extreme - likely REAL (check basin)
26.0,56.0,2,2,2024,1,0,36.02169864624739,36.025360867381096,0,2,0,shallow warm extreme - likely REAL (check basin)
29.25,50.5,2,2,2023,1,0,36.020966202020645,36.03561508655548,0,2,0,shallow warm extreme - likely REAL (check basin)
24.5,54.0,2,2,2023,1,0,36.004119984805584,36.03048797696829,0,2,0,shallow warm extreme - likely REAL (check basin)
24.75,53.5,2,2,2023,1,0,36.05026397109032,36.078096851706505,0,2,0,shallow warm extreme - likely REAL (check basin)
24.75,53.25,2,2,2023,1,0,36.00338754057884,36.00924709439278,0,2,0,shallow warm extreme - likely REAL (check basin)
30.0,49.5,2,2,"2022,2023",2,10,36.181002480665576,36.27740968629693,0,2,0,shallow warm extreme - likely REAL (check basin)
25.0,52.75,1,1,2023,1,0,36.02169864624739,36.02169864624739,0,1,0,shallow warm extreme - likely REAL (check basin)
12.0,48.0,1,1,2024,1,0,36.18210393190384,36.18210393190384,0,1,0,shallow warm extreme - likely REAL (check basin)
12.0,48.25,1,1,2024,1,0,36.171849712729454,36.171849712729454,0,1,0,shallow warm extreme - likely REAL (check basin)
16.5,96.5,1,1,2019,1,5,36.05478431056179,36.05478431056179,0,1,0,shallow warm extreme - likely REAL (check basin)
24.75,52.25,1,1,2023,1,0,36.03122042119503,36.03122042119503,0,1,0,shallow warm extreme - likely REAL (check basin)
25.75,55.75,1,1,2024,1,0,36.11178928613663,36.11178928613663,0,1,0,shallow warm extreme - likely REAL (check basin)
25.25,52.5,1,1,2023,1,0,36.03195286542177,36.03195286542177,0,1,0,shallow warm extreme - likely REAL (check basin)
