variable,units,min,max,mean,std,pct_missing,n_finite,plausible_range,n_below_range,n_above_range,pct_out_of_range,argmin,argmax
sst,degC,16.824993520416342,30.122493223194056,27.2409335993996,1.6267846450793648,51.596072470317566,23564,"[15.0, 33.0]",0,0,0.0,"{'time': '2020-01-02T00:00:00', 'lat': 29.5, 'lon': 48.0}","{'time': '2020-01-01T00:00:00', 'lat': 5.0, 'lon': 95.25}"
sss,PSU,14.636720418930054,41.60031986236572,34.650698487897834,2.0339800560520143,55.91594429152459,21461,"[30.0, 41.0]",469,9,2.227296025348306,"{'time': '2020-01-01T00:00:00', 'lat': 21.75, 'lon': 91.0}","{'time': '2020-01-01T00:00:00', 'lat': 29.0, 'lon': 48.5}"
sla,m,-0.2826,0.38305,0.06567559045119784,0.09087871801882996,51.46871533626391,23626,"[-1.0, 1.0]",0,0,0.0,"{'time': '2020-01-01T00:00:00', 'lat': 21.5, 'lon': 87.75}","{'time': '2020-01-01T00:00:00', 'lat': 14.5, 'lon': 52.75}"
current_u,m s-1,-0.9364281500848933,0.7310627791414376,-0.041638411133713575,0.17641684160135154,54.233597633622274,22280,"[-3.0, 3.0]",0,0,0.0,"{'time': '2020-01-01T00:00:00', 'lat': 5.0, 'lon': 48.75}","{'time': '2020-01-01T00:00:00', 'lat': 11.0, 'lon': 45.25}"
current_v,m s-1,-0.8813866512513062,0.722650510243412,0.04798461520215961,0.17751668168269166,54.233597633622274,22280,"[-3.0, 3.0]",0,0,0.0,"{'time': '2020-01-02T00:00:00', 'lat': 14.75, 'lon': 53.75}","{'time': '2020-01-02T00:00:00', 'lat': 15.0, 'lon': 55.75}"
wind_u,m s-1,-11.648989915847778,5.218718528747559,-4.335574500883357,2.6002477655410448,51.29616696109445,23710,"[-40.0, 40.0]",0,0,0.0,"{'time': '2020-01-01T00:00:00', 'lat': 24.25, 'lon': 66.25}","{'time': '2020-01-01T00:00:00', 'lat': 26.0, 'lon': 55.0}"
wind_v,m s-1,-9.399919509887695,6.254080057144165,-2.4340841854423623,2.261296546242769,51.29616696109445,23710,"[-40.0, 40.0]",0,0,0.0,"{'time': '2020-01-01T00:00:00', 'lat': 23.25, 'lon': 68.0}","{'time': '2020-01-01T00:00:00', 'lat': 24.5, 'lon': 63.25}"
temp_0m,degC,16.466170236468315,32.278176203370094,27.223130818198737,1.6351359609782097,51.29616696109445,23710,"[0.0, 33.0]",0,0,0.0,"{'time': '2020-01-02T00:00:00', 'lat': 29.75, 'lon': 48.5}","{'time': '2020-01-01T00:00:00', 'lat': 5.25, 'lon': 100.25}"
temp_50m,degC,20.07538219257514,31.21820412374609,27.0180068501771,1.6354183397197533,57.269627377675526,20802,"[0.0, 33.0]",0,0,0.0,"{'time': '2020-01-01T00:00:00', 'lat': 7.5, 'lon': 98.5}","{'time': '2020-01-01T00:00:00', 'lat': 5.0, 'lon': 68.5}"
temp_100m,degC,17.0172658597169,29.705661064964424,22.819664272679894,2.4025932578617097,59.886611067745775,19528,"[0.0, 33.0]",0,0,0.0,"{'time': '2020-01-02T00:00:00', 'lat': 9.25, 'lon': 95.75}","{'time': '2020-01-01T00:00:00', 'lat': 7.0, 'lon': 68.5}"
temp_500m,degC,9.313433143914303,16.658315316283385,11.215264866249951,1.2626414304461844,61.67371923914383,18658,"[0.0, 33.0]",0,0,0.0,"{'time': '2020-01-02T00:00:00', 'lat': 5.5, 'lon': 82.0}","{'time': '2020-01-01T00:00:00', 'lat': 11.75, 'lon': 45.0}"
temp_1000m,degC,5.910186562667837,11.894424907830052,7.662513184530221,0.9652256633629439,63.132163838790525,17948,"[0.0, 33.0]",0,0,0.0,"{'time': '2020-01-01T00:00:00', 'lat': 16.0, 'lon': 86.0}","{'time': '2020-01-02T00:00:00', 'lat': 11.75, 'lon': 45.25}"
