year,variable,kind,n_finite,pct_missing,min,max,mean,std,n_days,n_missing_days,duplicate_timestamps,n_true,pct_true
2015,sst,field,4300430.0,51.596072470317566,13.649993591383122,35.814993095956766,28.264584398086097,1.8383557654387968,365,0,0,,
2015,sss,field,4256819.0,52.086940519209655,25.49261045455933,40.016921043396,34.69971110560258,1.9791795370506853,365,0,0,,
2015,sla,field,4311745.0,51.46871533626391,-0.39585,0.5090250000000001,0.0856814876749436,0.0896907399838327,365,0,0,,
2015,current_u,field,4040185.0,54.52528655355162,-1.536582280803891,2.000300121929841,0.0106634779560525,0.2195804901284537,365,0,0,,
2015,current_v,field,4040185.0,54.52528655355162,-2.035196479927232,1.8566816542023568,0.0146403167164927,0.1996060613731526,365,0,0,,
2015,wind_u,field,4327075.0,51.29616696109445,-18.584423065185547,19.431421756744385,0.8349159135099937,4.554152354361568,365,0,0,,
2015,wind_v,field,4327075.0,51.29616696109445,-17.38368511199951,17.630754470825195,0.2634331936160907,4.203953526410008,365,0,0,,
2015,temp_0m,field,4327075.0,51.29616696109445,13.272713407874107,35.97701954841614,28.524553003074445,1.7639242490977702,365,0,0,,
2015,temp_5m,field,4327075.0,51.29616696109445,14.550100493888904,37.62694387878303,28.463619931099128,1.7467211199372166,365,0,0,,
2015,temp_10m,field,4194215.0,52.79158621256317,16.414877139367228,34.90319030832518,28.464554185464355,1.675875871859719,365,0,0,,
2015,temp_20m,field,4090920.0,53.954233597633625,15.94118093275974,34.7229360615797,28.37392447075656,1.6495107994181537,365,0,0,,
2015,temp_30m,field,3969375.0,55.32229571504869,16.277883900497987,33.115521806131376,28.116622310832923,1.6899738026239806,365,0,0,,
2015,temp_50m,field,3796365.0,57.269627377675526,14.714789697780237,32.51318308893342,27.19862690575308,1.8681683836005705,365,0,0,,
2015,temp_75m,field,3644160.0,58.98278624542952,13.215842657902211,30.6616868662398,25.45507186798173,2.0694307934539906,365,0,0,,
2015,temp_100m,field,3563860.0,59.886611067745775,12.803728648887846,29.54833218531499,23.13196836434341,2.201198658834682,365,0,0,,
2015,temp_125m,field,3545245.0,60.09613409473727,11.24099200954962,28.677746344156432,20.63517289884628,2.2333078739146,365,0,0,,
2015,temp_150m,field,3527725.0,60.2933322377881,11.002543123614991,27.29854378710811,18.45259451735288,2.1451629394767746,365,0,0,,
2015,temp_200m,field,3495605.0,60.654862166714594,10.977965645492077,23.83992191581176,15.615473402949108,1.859822797394788,365,0,0,,
2015,temp_300m,field,3464580.0,61.004067211700416,10.204302795142082,22.09083267060876,13.09501941760005,1.5848279017029328,365,0,0,,
2015,temp_500m,field,3405085.0,61.67371923914383,8.628753137424749,18.684702732937268,11.194941280608328,1.2579617317236844,365,0,0,,
2015,temp_700m,field,3361650.0,62.16260630212399,6.967581056783208,15.979748487398926,9.759868138348292,1.2140863201931913,365,0,0,,
2015,temp_1000m,field,3275510.0,63.132163838790525,4.108283064670014,12.624282890833316,7.661568304775008,1.0224638571353943,365,0,0,,
2015,ocean_mask,mask,,,,,,,365,0,0,4327075.0,48.70383303890555
2015,surface_input_valid,mask,,,,,,,365,0,0,4039455.0,45.4664968571546
2015,target_valid_0m,mask,,,,,,,365,0,0,4327075.0,48.70383303890555
2015,target_valid_5m,mask,,,,,,,365,0,0,4327075.0,48.70383303890555
2015,target_valid_10m,mask,,,,,,,365,0,0,4194215.0,47.20841378743684
2015,target_valid_20m,mask,,,,,,,365,0,0,4090920.0,46.045766402366375
2015,target_valid_30m,mask,,,,,,,365,0,0,3969375.0,44.67770428495131
2015,target_valid_50m,mask,,,,,,,365,0,0,3796365.0,42.73037262232448
2015,target_valid_75m,mask,,,,,,,365,0,0,3644160.0,41.01721375457048
2015,target_valid_100m,mask,,,,,,,365,0,0,3563860.0,40.11338893225423
2015,target_valid_125m,mask,,,,,,,365,0,0,3545245.0,39.90386590526273
2015,target_valid_150m,mask,,,,,,,365,0,0,3527725.0,39.70666776221191
2015,target_valid_200m,mask,,,,,,,365,0,0,3495605.0,39.345137833285406
2015,target_valid_300m,mask,,,,,,,365,0,0,3464580.0,38.99593278829958
2015,target_valid_500m,mask,,,,,,,365,0,0,3405085.0,38.32628076085617
2015,target_valid_700m,mask,,,,,,,365,0,0,3361650.0,37.83739369787601
2015,target_valid_1000m,mask,,,,,,,365,0,0,3275510.0,36.86783616120948
2016,sst,field,4312212.0,51.596072470317566,12.94749360708522,35.22499310914429,28.18609879147864,1.857379511189372,366,0,0,,
2016,sss,field,4268550.0,52.086171816964026,25.50678586959839,40.02705192565918,34.705681226532306,2.046944882408132,366,0,0,,
2016,sla,field,4323558.0,51.46871533626391,-0.37055,0.694175,0.0963210269123254,0.1033808569308426,366,0,0,,
2016,current_u,field,4077240.0,54.233597633622274,-1.7505820250351627,1.9046283904328087,0.0130605285201331,0.2305567592496345,366,0,0,,
2016,current_v,field,4077240.0,54.233597633622274,-1.8276671650476333,1.5750179407976164,0.007605226471054,0.2095447009142291,366,0,0,,
2016,wind_u,field,4338930.0,51.29616696109445,-15.91403341293335,15.758214235305786,1.5290787064840026,4.706872659413306,366,0,0,,
2016,wind_v,field,4338930.0,51.29616696109445,-17.17176342010498,17.563255786895752,0.2691608913616595,4.285162940249714,366,0,0,,
2016,temp_0m,field,4338930.0,51.29616696109445,14.944883577525616,36.06418041139841,28.47342945685822,1.776343636236312,366,0,0,,
2016,temp_5m,field,4338930.0,51.29616696109445,15.511683791284549,37.04509758653635,28.4170283351296,1.7616151441802197,366,0,0,,
2016,temp_10m,field,4205706.0,52.79158621256317,16.17058777341782,35.50979226115069,28.4047125445476,1.7039495690893285,366,0,0,,
2016,temp_20m,field,4102128.0,53.954233597633625,16.890255443751812,35.34775553863234,28.322602310096144,1.692974036699714,366,0,0,,
2016,temp_30m,field,3980250.0,55.32229571504869,16.855997563329517,33.6686794960733,28.09439826398808,1.7651540988262862,366,0,0,,
2016,temp_50m,field,3806766.0,57.269627377675526,15.269469791443823,32.122785337758984,27.255552301554,2.0464506112078,366,0,0,,
2016,temp_75m,field,3654144.0,58.98278624542952,14.049999617407456,31.849082309070223,25.648589028237616,2.403558001749437,366,0,0,,
2016,temp_100m,field,3573624.0,59.886611067745775,12.562547105637552,30.75244676316246,23.35025938682896,2.4465679464722294,366,0,0,,
2016,temp_125m,field,3554958.0,60.09613409473727,12.108542374181814,28.679196604624032,20.8233547105748,2.339803613876674,366,0,0,,
2016,temp_150m,field,3537390.0,60.2933322377881,11.992363084996777,26.950901195046,18.628172896144,2.202080544849877,366,0,0,,
2016,temp_200m,field,3505182.0,60.654862166714594,11.114528103155664,24.09641750240799,15.735460558481195,1.8804705771754,366,0,0,,
2016,temp_300m,field,3474072.0,61.004067211700416,9.415185156610937,21.500895476263786,13.148952109255076,1.5677652990463584,366,0,0,,
2016,temp_500m,field,3414414.0,61.67371923914383,8.68445567564049,18.50769163312591,11.19791398835464,1.2303200556721028,366,0,0,,
2016,temp_700m,field,3370860.0,62.16260630212399,7.406459916535985,16.27781385126109,9.765234539994337,1.1843708769959769,366,0,0,,
2016,temp_1000m,field,3284484.0,63.132163838790525,5.548409480984971,12.38526169615083,7.701261331537108,1.0154699959902909,366,0,0,,
2016,ocean_mask,mask,,,,,,,366,0,0,4338930.0,48.70383303890555
2016,surface_input_valid,mask,,,,,,,366,0,0,4075776.0,45.74996918779014
2016,target_valid_0m,mask,,,,,,,366,0,0,4338930.0,48.70383303890555
2016,target_valid_5m,mask,,,,,,,366,0,0,4338930.0,48.70383303890555
2016,target_valid_10m,mask,,,,,,,366,0,0,4205706.0,47.20841378743684
2016,target_valid_20m,mask,,,,,,,366,0,0,4102128.0,46.045766402366375
2016,target_valid_30m,mask,,,,,,,366,0,0,3980250.0,44.67770428495131
2016,target_valid_50m,mask,,,,,,,366,0,0,3806766.0,42.73037262232448
2016,target_valid_75m,mask,,,,,,,366,0,0,3654144.0,41.01721375457048
2016,target_valid_100m,mask,,,,,,,366,0,0,3573624.0,40.11338893225423
2016,target_valid_125m,mask,,,,,,,366,0,0,3554958.0,39.90386590526273
2016,target_valid_150m,mask,,,,,,,366,0,0,3537390.0,39.70666776221191
2016,target_valid_200m,mask,,,,,,,366,0,0,3505182.0,39.345137833285406
2016,target_valid_300m,mask,,,,,,,366,0,0,3474072.0,38.99593278829958
2016,target_valid_500m,mask,,,,,,,366,0,0,3414414.0,38.32628076085617
2016,target_valid_700m,mask,,,,,,,366,0,0,3370860.0,37.83739369787601
2016,target_valid_1000m,mask,,,,,,,366,0,0,3284484.0,36.86783616120948
2017,sst,field,4300430.0,51.596072470317566,12.109993625804805,36.592493078578286,28.360539851666527,1.7609425901041036,365,0,0,,
2017,sss,field,4256987.0,52.08504957811191,25.46566104888916,40.02480602264404,34.72873101681906,2.044661513034568,365,0,0,,
2017,sla,field,4311745.0,51.46871533626391,-0.39615,0.545675,0.0727612764147694,0.0965126382702057,365,0,0,,
2017,current_u,field,4066100.0,54.233597633622274,-1.9947882795683505,2.115718409422583,0.0078269241551833,0.2238736232120209,365,0,0,,
2017,current_v,field,4066100.0,54.233597633622274,-1.803050814059512,1.8168697610720703,0.0078589813737317,0.2106411139528343,365,0,0,,
2017,wind_u,field,4327075.0,51.29616696109445,-16.29585075378418,18.43072462081909,1.2548191699059434,4.525594973520614,365,0,0,,
2017,wind_v,field,4327075.0,51.29616696109445,-17.89744234085083,17.61564302444458,0.1809585991916822,4.399520008788909,365,0,0,,
2017,temp_0m,field,4327075.0,51.29616696109445,14.146519370377064,37.2382885068655,28.368021826068,1.6927216666592992,365,0,0,,
2017,temp_5m,field,4327075.0,51.29616696109445,14.5827996456446,38.28165798146798,28.305605074793245,1.6798277663444785,365,0,0,,
2017,temp_10m,field,4194215.0,52.79158621256317,15.65464960426387,35.731034142129026,28.28777230646572,1.6106382007661733,365,0,0,,
2017,temp_20m,field,4090920.0,53.954233597633625,15.494376665125186,35.23978102046911,28.191971116542767,1.5879796808482451,365,0,0,,
2017,temp_30m,field,3969375.0,55.32229571504869,15.712452230772104,33.107784370501804,27.94320100395836,1.643588929510826,365,0,0,,
2017,temp_50m,field,3796365.0,57.269627377675526,14.02482167112582,31.00759415386585,27.011689480152768,1.910788158857292,365,0,0,,
2017,temp_75m,field,3644160.0,58.98278624542952,12.34648505889437,30.50741116513457,25.251795925859632,2.291990695172585,365,0,0,,
2017,temp_100m,field,3563860.0,59.886611067745775,11.67549469325206,29.879564305957143,22.879589757626587,2.41555157010512,365,0,0,,
2017,temp_125m,field,3545245.0,60.09613409473727,11.538160357436938,28.85999678758323,20.368794474667,2.3428245853047214,365,0,0,,
2017,temp_150m,field,3527725.0,60.2933322377881,10.838094843048063,27.628059758470403,18.24074328594612,2.1743559131428447,365,0,0,,
2017,temp_200m,field,3495605.0,60.654862166714594,10.3498486296831,24.67274149716928,15.510204738563193,1.870928888165122,365,0,0,,
2017,temp_300m,field,3464580.0,61.004067211700416,10.047198144886204,22.06607392251218,13.052692302141118,1.5489830593586456,365,0,0,,
2017,temp_500m,field,3405085.0,61.67371923914383,8.577749692132935,18.90307432720041,11.14967750208885,1.2616504951135916,365,0,0,,
2017,temp_700m,field,3361650.0,62.16260630212399,7.267961417585185,16.19999939559696,9.698350033498684,1.2206262771283662,365,0,0,,
2017,temp_1000m,field,3275510.0,63.132163838790525,5.395225753755546,13.10695675631678,7.61610890002075,1.0166146544268408,365,0,0,,
2017,ocean_mask,mask,,,,,,,365,0,0,4327075.0,48.70383303890555
2017,surface_input_valid,mask,,,,,,,365,0,0,4064640.0,45.74996918779014
2017,target_valid_0m,mask,,,,,,,365,0,0,4327075.0,48.70383303890555
2017,target_valid_5m,mask,,,,,,,365,0,0,4327075.0,48.70383303890555
2017,target_valid_10m,mask,,,,,,,365,0,0,4194215.0,47.20841378743684
2017,target_valid_20m,mask,,,,,,,365,0,0,4090920.0,46.045766402366375
2017,target_valid_30m,mask,,,,,,,365,0,0,3969375.0,44.67770428495131
2017,target_valid_50m,mask,,,,,,,365,0,0,3796365.0,42.73037262232448
2017,target_valid_75m,mask,,,,,,,365,0,0,3644160.0,41.01721375457048
2017,target_valid_100m,mask,,,,,,,365,0,0,3563860.0,40.11338893225423
2017,target_valid_125m,mask,,,,,,,365,0,0,3545245.0,39.90386590526273
2017,target_valid_150m,mask,,,,,,,365,0,0,3527725.0,39.70666776221191
2017,target_valid_200m,mask,,,,,,,365,0,0,3495605.0,39.345137833285406
2017,target_valid_300m,mask,,,,,,,365,0,0,3464580.0,38.99593278829958
2017,target_valid_500m,mask,,,,,,,365,0,0,3405085.0,38.32628076085617
2017,target_valid_700m,mask,,,,,,,365,0,0,3361650.0,37.83739369787601
2017,target_valid_1000m,mask,,,,,,,365,0,0,3275510.0,36.86783616120948
2018,sst,field,4300430.0,51.596072470317566,14.752493566740329,36.02999309115114,28.266222463370312,1.83589175026892,365,0,0,,
2018,sss,field,4249115.0,52.17365367526351,25.79336833953857,40.03277397155762,34.69939432655228,2.0038420269415527,365,0,0,,
2018,sla,field,4311745.0,51.46871533626391,-0.388625,0.5560750000000001,0.0665170772216353,0.0935587450440469,365,0,0,,
2018,current_u,field,4066100.0,54.233597633622274,-2.0014770956253507,2.160978533557145,0.0141537658182323,0.2274691320631746,365,0,0,,
2018,current_v,field,4066100.0,54.233597633622274,-1.8504280037792304,1.7170276727661506,0.0127586077330141,0.2075233185662323,365,0,0,,
2018,wind_u,field,4327075.0,51.29616696109445,-19.109066009521484,22.02187442779541,1.1154381054740816,4.651603311308146,365,0,0,,
2018,wind_v,field,4327075.0,51.29616696109445,-20.582560539245605,21.98299217224121,0.3069377153161881,4.341199924153741,365,0,0,,
2018,temp_0m,field,4327075.0,51.29616696109445,15.653157144784927,35.33100374042988,28.267595860410783,1.7580073801377314,365,0,0,,
2018,temp_5m,field,4327075.0,51.29616696109445,15.979984802718276,35.406309140279056,28.198228997924986,1.7469129987961152,365,0,0,,
2018,temp_10m,field,4194215.0,52.79158621256317,15.694774736290244,35.02464961238563,28.1787444336315,1.7016792522878763,365,0,0,,
2018,temp_20m,field,4090920.0,53.954233597633625,15.286205245051702,34.655484365256626,28.078761284873785,1.7150780177912184,365,0,0,,
2018,temp_30m,field,3969375.0,55.32229571504869,15.221095389369642,33.884405244942684,27.79696257978725,1.7823227378613156,365,0,0,,
2018,temp_50m,field,3796365.0,57.269627377675526,14.393148271322726,31.488294964061566,26.85075499257089,2.003465110029923,365,0,0,,
2018,temp_75m,field,3644160.0,58.98278624542952,12.987865311391204,30.72290187694781,25.16523315792612,2.248188072010996,365,0,0,,
2018,temp_100m,field,3563860.0,59.886611067745775,11.129872833475682,29.885682366721625,22.78971810997311,2.284706682166844,365,0,0,,
2018,temp_125m,field,3545245.0,60.09613409473727,10.610456443385075,28.08693212001701,20.21293474529155,2.216072849726487,365,0,0,,
2018,temp_150m,field,3527725.0,60.2933322377881,10.452056005897065,27.68435081476573,18.07238826887352,2.0989681807798064,365,0,0,,
2018,temp_200m,field,3495605.0,60.654862166714594,10.45482716158245,24.15838329161278,15.41430555071551,1.8268910278526047,365,0,0,,
2018,temp_300m,field,3464580.0,61.004067211700416,10.022864584270131,21.82616926948332,13.038475233340137,1.545375459276791,365,0,0,,
2018,temp_500m,field,3405085.0,61.67371923914383,8.602191048648663,18.50069835426706,11.190611194139224,1.2315122630303288,365,0,0,,
2018,temp_700m,field,3361650.0,62.16260630212399,6.75764230330164,15.173065516237177,9.738044497768358,1.2172398775281843,365,0,0,,
2018,temp_1000m,field,3275510.0,63.132163838790525,5.491351728946482,12.613866594483223,7.655017275476203,1.0071723669979702,365,0,0,,
2018,ocean_mask,mask,,,,,,,365,0,0,4327075.0,48.70383303890555
2018,surface_input_valid,mask,,,,,,,365,0,0,4063758.0,45.74004174702697
2018,target_valid_0m,mask,,,,,,,365,0,0,4327075.0,48.70383303890555
2018,target_valid_5m,mask,,,,,,,365,0,0,4327075.0,48.70383303890555
2018,target_valid_10m,mask,,,,,,,365,0,0,4194215.0,47.20841378743684
2018,target_valid_20m,mask,,,,,,,365,0,0,4090920.0,46.045766402366375
2018,target_valid_30m,mask,,,,,,,365,0,0,3969375.0,44.67770428495131
2018,target_valid_50m,mask,,,,,,,365,0,0,3796365.0,42.73037262232448
2018,target_valid_75m,mask,,,,,,,365,0,0,3644160.0,41.01721375457048
2018,target_valid_100m,mask,,,,,,,365,0,0,3563860.0,40.11338893225423
2018,target_valid_125m,mask,,,,,,,365,0,0,3545245.0,39.90386590526273
2018,target_valid_150m,mask,,,,,,,365,0,0,3527725.0,39.70666776221191
2018,target_valid_200m,mask,,,,,,,365,0,0,3495605.0,39.345137833285406
2018,target_valid_300m,mask,,,,,,,365,0,0,3464580.0,38.99593278829958
2018,target_valid_500m,mask,,,,,,,365,0,0,3405085.0,38.32628076085617
2018,target_valid_700m,mask,,,,,,,365,0,0,3361650.0,37.83739369787601
2018,target_valid_1000m,mask,,,,,,,365,0,0,3275510.0,36.86783616120948
2019,sst,field,4300430.0,51.596072470317566,13.737493589427345,35.972493092436366,28.5297738314257,1.8159750620349693,365,0,0,,
2019,sss,field,4254569.0,52.11226562319735,25.61829233169556,40.0224027633667,34.67500870883219,1.9828451016064712,365,0,0,,
2019,sla,field,4311745.0,51.46871533626391,-0.459925,0.5912000000000001,0.086768545397513,0.0935996248754139,365,0,0,,
2019,current_u,field,4066100.0,54.233597633622274,-1.7327037075940204,1.9638018418694616,0.0148970917929092,0.2271699202148831,365,0,0,,
2019,current_v,field,4066100.0,54.233597633622274,-2.113974462123275,2.090448843611576,0.0110624285656535,0.214433040343256,365,0,0,,
2019,wind_u,field,4327075.0,51.29616696109445,-24.30584526062012,23.274224281311035,0.795553370810523,4.705859091005371,365,0,0,,
2019,wind_v,field,4327075.0,51.29616696109445,-21.37308931350708,25.54875135421753,0.3447535470129214,4.339932993008819,365,0,0,,
2019,temp_0m,field,4327075.0,51.29616696109445,14.853328049182892,35.51557968556881,28.54898272800756,1.7810688856449124,365,0,0,,
2019,temp_5m,field,4327075.0,51.29616696109445,15.293820917766446,36.05478431056179,28.47649006781973,1.7652621248674758,365,0,0,,
2019,temp_10m,field,4194215.0,52.79158621256317,16.488353269837663,35.21156575921634,28.45547488996165,1.6939845587355795,365,0,0,,
2019,temp_20m,field,4090920.0,53.954233597633625,15.902928599697114,35.27208570933967,28.35889010101529,1.6680247134987851,365,0,0,,
2019,temp_30m,field,3969375.0,55.32229571504869,15.709849681667995,34.659423323904626,28.12811035981263,1.683332965339133,365,0,0,,
2019,temp_50m,field,3796365.0,57.269627377675526,14.689509058847914,31.24458119543401,27.255378806907554,1.8484298753561104,365,0,0,,
2019,temp_75m,field,3644160.0,58.98278624542952,13.534089101536273,31.37950576400375,25.53109498052405,2.1771821111329874,365,0,0,,
2019,temp_100m,field,3563860.0,59.886611067745775,12.9890667816909,30.19363023760797,23.18510998972361,2.3914075286630374,365,0,0,,
2019,temp_125m,field,3545245.0,60.09613409473727,12.43137199963031,28.17152768678515,20.58597649017304,2.377072109880101,365,0,0,,
2019,temp_150m,field,3527725.0,60.2933322377881,11.675991909289312,27.829169184538912,18.32104122073951,2.224316949186312,365,0,0,,
2019,temp_200m,field,3495605.0,60.654862166714594,10.903087718410854,25.182542790844906,15.514145471594476,1.856070353051389,365,0,0,,
2019,temp_300m,field,3464580.0,61.004067211700416,9.796550122122955,20.25932167224408,13.04599233709203,1.5043709931309086,365,0,0,,
2019,temp_500m,field,3405085.0,61.67371923914383,8.794065601988772,18.46958908152394,11.205289423614571,1.2629146703859608,365,0,0,,
2019,temp_700m,field,3361650.0,62.16260630212399,6.631957921047211,16.15525002947674,9.746299750451408,1.2265666451711406,365,0,0,,
2019,temp_1000m,field,3275510.0,63.132163838790525,4.853773577572199,12.577771894309524,7.709222033614387,1.0274016475565346,365,0,0,,
2019,ocean_mask,mask,,,,,,,365,0,0,4327075.0,48.70383303890555
2019,surface_input_valid,mask,,,,,,,365,0,0,4064374.0,45.74697519771871
2019,target_valid_0m,mask,,,,,,,365,0,0,4327075.0,48.70383303890555
2019,target_valid_5m,mask,,,,,,,365,0,0,4327075.0,48.70383303890555
2019,target_valid_10m,mask,,,,,,,365,0,0,4194215.0,47.20841378743684
2019,target_valid_20m,mask,,,,,,,365,0,0,4090920.0,46.045766402366375
2019,target_valid_30m,mask,,,,,,,365,0,0,3969375.0,44.67770428495131
2019,target_valid_50m,mask,,,,,,,365,0,0,3796365.0,42.73037262232448
2019,target_valid_75m,mask,,,,,,,365,0,0,3644160.0,41.01721375457048
2019,target_valid_100m,mask,,,,,,,365,0,0,3563860.0,40.11338893225423
2019,target_valid_125m,mask,,,,,,,365,0,0,3545245.0,39.90386590526273
2019,target_valid_150m,mask,,,,,,,365,0,0,3527725.0,39.70666776221191
2019,target_valid_200m,mask,,,,,,,365,0,0,3495605.0,39.345137833285406
2019,target_valid_300m,mask,,,,,,,365,0,0,3464580.0,38.99593278829958
2019,target_valid_500m,mask,,,,,,,365,0,0,3405085.0,38.32628076085617
2019,target_valid_700m,mask,,,,,,,365,0,0,3361650.0,37.83739369787601
2019,target_valid_1000m,mask,,,,,,,365,0,0,3275510.0,36.86783616120948
2020,sst,field,4312212.0,51.596072470317566,12.962493606749945,36.44499308187517,28.544380725680565,1.832750932075215,366,0,0,,
2020,sss,field,4263102.0,52.1473247930194,25.35520505905152,40.02047061920166,34.64733776541589,1.9411172515990307,366,0,0,,
2020,sla,field,4323558.0,51.46871533626391,-0.4171,0.62875,0.1079968251726934,0.0950318430840949,366,0,0,,
2020,current_u,field,4077240.0,54.233597633622274,-2.010806313749572,2.102083925403394,0.0107553501418266,0.2140075830379798,366,0,0,,
2020,current_v,field,4077240.0,54.233597633622274,-2.2574177026434543,1.7503685357509338,0.0089126112876302,0.2049599644514708,366,0,0,,
2020,wind_u,field,4338930.0,51.29616696109445,-23.16261482238769,25.302124977111816,0.8771225159921836,4.613557058780308,366,0,0,,
2020,wind_v,field,4338930.0,51.29616696109445,-24.48123979568481,23.21270179748535,0.0845963004042106,4.310946356514365,366,0,0,,
2020,temp_0m,field,4338930.0,51.29616696109445,13.414807587862017,36.037812419235706,28.60044594529802,1.8342967625505493,366,0,0,,
2020,temp_5m,field,4338930.0,51.29616696109445,13.943699014881975,35.97775199264288,28.532914627502183,1.8204215716391257,366,0,0,,
2020,temp_10m,field,4205706.0,52.79158621256317,15.61115439279124,35.34848409123049,28.51324754622246,1.7451434478823071,366,0,0,,
2020,temp_20m,field,4102128.0,53.954233597633625,16.235980621924128,35.03054036099031,28.41395743063904,1.711489603929511,366,0,0,,
2020,temp_30m,field,3980250.0,55.32229571504869,17.38084767226285,35.20689226343698,28.173866148003498,1.7157117463012224,366,0,0,,
2020,temp_50m,field,3806766.0,57.269627377675526,13.6952312145821,31.49695417811993,27.2624157782856,1.9034130255010864,366,0,0,,
2020,temp_75m,field,3654144.0,58.98278624542952,12.682976631299145,31.385710454506803,25.56093037392521,2.195633293572264,366,0,0,,
2020,temp_100m,field,3573624.0,59.886611067745775,11.797505937093549,30.162772735089185,23.330939061303653,2.32118106123244,366,0,0,,
2020,temp_125m,field,3554958.0,60.09613409473727,11.263226289200134,28.66538404047131,20.856043214375664,2.292207566694294,366,0,0,,
2020,temp_150m,field,3537390.0,60.2933322377881,11.0400817657938,27.31897341500409,18.619548075984373,2.1682590162108464,366,0,0,,
2020,temp_200m,field,3505182.0,60.654862166714594,10.142034256600915,25.710264330028483,15.71058261059188,1.857808987826308,366,0,0,,
2020,temp_300m,field,3474072.0,61.004067211700416,9.98184149712324,21.53883718837077,13.130108019152232,1.5299895065248732,366,0,0,,
2020,temp_500m,field,3414414.0,61.67371923914383,8.595128895275646,17.801078634945465,11.2696867936287,1.2198281614050233,366,0,0,,
2020,temp_700m,field,3370860.0,62.16260630212399,5.924994166907645,16.178941014532867,9.83932135968635,1.189416325236873,366,0,0,,
2020,temp_1000m,field,3284484.0,63.132163838790525,4.874714098117194,12.665347611856228,7.76941234192355,1.010305540081163,366,0,0,,
2020,ocean_mask,mask,,,,,,,366,0,0,4338930.0,48.70383303890555
2020,surface_input_valid,mask,,,,,,,366,0,0,4075342.0,45.74509760342744
2020,target_valid_0m,mask,,,,,,,366,0,0,4338930.0,48.70383303890555
2020,target_valid_5m,mask,,,,,,,366,0,0,4338930.0,48.70383303890555
2020,target_valid_10m,mask,,,,,,,366,0,0,4205706.0,47.20841378743684
2020,target_valid_20m,mask,,,,,,,366,0,0,4102128.0,46.045766402366375
2020,target_valid_30m,mask,,,,,,,366,0,0,3980250.0,44.67770428495131
2020,target_valid_50m,mask,,,,,,,366,0,0,3806766.0,42.73037262232448
2020,target_valid_75m,mask,,,,,,,366,0,0,3654144.0,41.01721375457048
2020,target_valid_100m,mask,,,,,,,366,0,0,3573624.0,40.11338893225423
2020,target_valid_125m,mask,,,,,,,366,0,0,3554958.0,39.90386590526273
2020,target_valid_150m,mask,,,,,,,366,0,0,3537390.0,39.70666776221191
2020,target_valid_200m,mask,,,,,,,366,0,0,3505182.0,39.345137833285406
2020,target_valid_300m,mask,,,,,,,366,0,0,3474072.0,38.99593278829958
2020,target_valid_500m,mask,,,,,,,366,0,0,3414414.0,38.32628076085617
2020,target_valid_700m,mask,,,,,,,366,0,0,3370860.0,37.83739369787601
2020,target_valid_1000m,mask,,,,,,,366,0,0,3284484.0,36.86783616120948
2021,sst,field,4300430.0,51.596072470317566,14.237493578251474,36.51499308031055,28.396039196853547,1.7854110440781206,365,0,0,,
2021,sss,field,4255535.0,52.101392711885296,26.11193609237671,40.02448463439941,34.61013746655468,1.9878351662934024,365,0,0,,
2021,sla,field,4311745.0,51.46871533626391,-0.3903,0.575275,0.1194713018453085,0.0963140951543209,365,0,0,,
2021,current_u,field,4066100.0,54.233597633622274,-1.8194692940009385,2.316779396121867,0.0133082571769814,0.2190220727263399,365,0,0,,
2021,current_v,field,4066100.0,54.233597633622274,-1.8374097159806555,1.793078707854095,0.0103420372002639,0.1986422463582158,365,0,0,,
2021,wind_u,field,4327075.0,51.29616696109445,-19.042421340942383,22.998175621032715,1.3488820316644998,4.6616339302425365,365,0,0,,
2021,wind_v,field,4327075.0,51.29616696109445,-16.95227575302124,22.76210832595825,0.2684036052294481,4.233447993118305,365,0,0,,
2021,temp_0m,field,4327075.0,51.29616696109445,14.33256020396948,36.27292701601982,28.45926602073664,1.7695021894859064,365,0,0,,
2021,temp_5m,field,4327075.0,51.29616696109445,14.98810609900142,36.23630480468273,28.392694183392887,1.7509654125927765,365,0,0,,
2021,temp_10m,field,4194215.0,52.79158621256317,16.54482778470881,35.583002153223035,28.377062730222,1.6818085337280806,365,0,0,,
2021,temp_20m,field,4090920.0,53.954233597633625,17.05018262173735,35.40758922021911,28.299005832071824,1.6472804228353732,365,0,0,,
2021,temp_30m,field,3969375.0,55.32229571504869,16.700298450361146,34.570320241777345,28.10797819755756,1.6664308368021483,365,0,0,,
2021,temp_50m,field,3796365.0,57.269627377675526,16.495813469051544,31.87353060622028,27.42911140915805,1.834979382212197,365,0,0,,
2021,temp_75m,field,3644160.0,58.98278624542952,15.470834522001876,31.47195193176036,26.02308197551231,2.0700857823970806,365,0,0,,
2021,temp_100m,field,3563860.0,59.886611067745775,13.67600259622702,30.64090851785158,23.88269489708524,2.111578492934692,365,0,0,,
2021,temp_125m,field,3545245.0,60.09613409473727,11.952984350804767,29.41056737218473,21.31027802096163,2.095547111165913,365,0,0,,
2021,temp_150m,field,3527725.0,60.2933322377881,11.288994559914975,27.54835806101457,18.948826207189235,2.0734257232226616,365,0,0,,
2021,temp_200m,field,3495605.0,60.654862166714594,10.363840827382154,24.054509621461825,15.89953292996875,1.8671554267486763,365,0,0,,
2021,temp_300m,field,3464580.0,61.004067211700416,10.284310443507168,21.88517626662851,13.21503912184384,1.5853719520657894,365,0,0,,
2021,temp_500m,field,3405085.0,61.67371923914383,8.544540720172265,18.49374896864758,11.268935231405264,1.2741866083455855,365,0,0,,
2021,temp_700m,field,3361650.0,62.16260630212399,6.83770512547833,16.337774377378363,9.821557806578795,1.2114137974561576,365,0,0,,
2021,temp_1000m,field,3275510.0,63.132163838790525,5.634386123476973,12.54584307854532,7.715285061948234,1.0137410526887292,365,0,0,,
2021,ocean_mask,mask,,,,,,,365,0,0,4327075.0,48.70383303890555
2021,surface_input_valid,mask,,,,,,,365,0,0,4064640.0,45.74996918779014
2021,target_valid_0m,mask,,,,,,,365,0,0,4327075.0,48.70383303890555
2021,target_valid_5m,mask,,,,,,,365,0,0,4327075.0,48.70383303890555
2021,target_valid_10m,mask,,,,,,,365,0,0,4194215.0,47.20841378743684
2021,target_valid_20m,mask,,,,,,,365,0,0,4090920.0,46.045766402366375
2021,target_valid_30m,mask,,,,,,,365,0,0,3969375.0,44.67770428495131
2021,target_valid_50m,mask,,,,,,,365,0,0,3796365.0,42.73037262232448
2021,target_valid_75m,mask,,,,,,,365,0,0,3644160.0,41.01721375457048
2021,target_valid_100m,mask,,,,,,,365,0,0,3563860.0,40.11338893225423
2021,target_valid_125m,mask,,,,,,,365,0,0,3545245.0,39.90386590526273
2021,target_valid_150m,mask,,,,,,,365,0,0,3527725.0,39.70666776221191
2021,target_valid_200m,mask,,,,,,,365,0,0,3495605.0,39.345137833285406
2021,target_valid_300m,mask,,,,,,,365,0,0,3464580.0,38.99593278829958
2021,target_valid_500m,mask,,,,,,,365,0,0,3405085.0,38.32628076085617
2021,target_valid_700m,mask,,,,,,,365,0,0,3361650.0,37.83739369787601
2021,target_valid_1000m,mask,,,,,,,365,0,0,3275510.0,36.86783616120948
2022,sst,field,4300430.0,51.596072470317566,13.0174936055206,36.36749308360743,28.33789785135108,1.7722043945646522,365,0,0,,
2022,sss,field,4255535.0,52.101392711885296,24.61593437194824,40.0,34.56882908288426,2.009070980778048,365,0,0,,
2022,sla,field,4311745.0,51.46871533626391,-0.4283,0.7128,0.1048728842498802,0.0955120294782744,365,0,0,,
2022,current_u,field,4091132.0,53.95184741005789,-1.8413281317380663,2.706659750808018,0.016293416449783,0.2231906616406162,365,0,0,,
2022,current_v,field,4091132.0,53.95184741005789,-1.9600805983253893,2.041939900644839,0.0072613098871765,0.2023530237373732,365,0,0,,
2022,wind_u,field,4327075.0,51.29616696109445,-16.202744483947754,21.97646427154541,1.3942131598420802,4.601121256859185,365,0,0,,
2022,wind_v,field,4327075.0,51.29616696109445,-18.501512050628666,19.42488718032837,0.2733499756279417,4.255380800354203,365,0,0,,
2022,temp_0m,field,4327075.0,51.29616696109445,13.045655697584152,36.48240606486797,28.40326070868113,1.767122139523266,365,0,0,,
2022,temp_5m,field,4327075.0,51.29616696109445,13.613941381513566,36.39675560835029,28.335789606034886,1.7501969080818136,365,0,0,,
2022,temp_10m,field,4194215.0,52.79158621256317,15.59927487289488,36.27740968629693,28.315748392970267,1.6777944698192344,365,0,0,,
2022,temp_20m,field,4090920.0,53.954233597633625,16.621675157543635,35.35373178727982,28.221132718380822,1.6444407974755797,365,0,0,,
2022,temp_30m,field,3969375.0,55.32229571504869,16.68320181909357,34.35579251911947,27.989034819409053,1.6713702530785948,365,0,0,,
2022,temp_50m,field,3796365.0,57.269627377675526,15.170135914169588,31.413409406715555,27.207644718914203,1.884416231361005,365,0,0,,
2022,temp_75m,field,3644160.0,58.98278624542952,13.565768245571304,31.55360951061049,25.75826203264941,2.1466533619622785,365,0,0,,
2022,temp_100m,field,3563860.0,59.886611067745775,12.404257656586925,30.97804728776927,23.525850062138783,2.177979916380155,365,0,0,,
2022,temp_125m,field,3545245.0,60.09613409473727,11.531586862039507,28.52365016171357,20.89839414465669,2.15348948749078,365,0,0,,
2022,temp_150m,field,3527725.0,60.2933322377881,10.881635620135931,28.40349356707092,18.58787121367998,2.145621213872343,365,0,0,,
2022,temp_200m,field,3495605.0,60.654862166714594,10.095207102183904,24.42466615207476,15.694912370879033,1.92921021870186,365,0,0,,
2022,temp_300m,field,3464580.0,61.004067211700416,10.007477045059204,21.05633037157717,13.129340333957735,1.5747346759375775,365,0,0,,
2022,temp_500m,field,3405085.0,61.67371923914383,8.86260106115904,18.52454930493296,11.183526735471158,1.2089423344655372,365,0,0,,
2022,temp_700m,field,3361650.0,62.16260630212399,7.18556915004354,15.200113125618865,9.77288837758522,1.2296623969664582,365,0,0,,
2022,temp_1000m,field,3275510.0,63.132163838790525,5.1578286874497605,12.621510462347912,7.645832534797746,1.0432460945567803,365,0,0,,
2022,ocean_mask,mask,,,,,,,365,0,0,4327075.0,48.70383303890555
2022,surface_input_valid,mask,,,,,,,365,0,0,4084308.0,45.97134436344788
2022,target_valid_0m,mask,,,,,,,365,0,0,4327075.0,48.70383303890555
2022,target_valid_5m,mask,,,,,,,365,0,0,4327075.0,48.70383303890555
2022,target_valid_10m,mask,,,,,,,365,0,0,4194215.0,47.20841378743684
2022,target_valid_20m,mask,,,,,,,365,0,0,4090920.0,46.045766402366375
2022,target_valid_30m,mask,,,,,,,365,0,0,3969375.0,44.67770428495131
2022,target_valid_50m,mask,,,,,,,365,0,0,3796365.0,42.73037262232448
2022,target_valid_75m,mask,,,,,,,365,0,0,3644160.0,41.01721375457048
2022,target_valid_100m,mask,,,,,,,365,0,0,3563860.0,40.11338893225423
2022,target_valid_125m,mask,,,,,,,365,0,0,3545245.0,39.90386590526273
2022,target_valid_150m,mask,,,,,,,365,0,0,3527725.0,39.70666776221191
2022,target_valid_200m,mask,,,,,,,365,0,0,3495605.0,39.345137833285406
2022,target_valid_300m,mask,,,,,,,365,0,0,3464580.0,38.99593278829958
2022,target_valid_500m,mask,,,,,,,365,0,0,3405085.0,38.32628076085617
2022,target_valid_700m,mask,,,,,,,365,0,0,3361650.0,37.83739369787601
2022,target_valid_1000m,mask,,,,,,,365,0,0,3275510.0,36.86783616120948
2023,sst,field,4300430.0,51.596072470317566,13.647493591439002,36.589993078634166,28.675172741292076,1.77719883495122,365,0,0,,
2023,sss,field,4255535.0,52.101392711885296,25.72361135482788,40.0,34.49532162341262,2.069009596494067,365,0,0,,
2023,sla,field,4311745.0,51.46871533626391,-0.431125,0.5539750000000001,0.0959621170778884,0.0967103618202531,365,0,0,,
2023,current_u,field,4127420.0,53.54340413294442,-2.6521477266322644,2.225926562225185,0.0192879856965154,0.2416313248774671,365,0,0,,
2023,current_v,field,4127420.0,53.54340413294442,-1.9702047894812416,2.393431996703232,0.0117095232666714,0.2094330028212312,365,0,0,,
2023,wind_u,field,4327075.0,51.29616696109445,-20.150088787078857,26.10886240005493,0.8428092991882076,4.579982611104889,365,0,0,,
2023,wind_v,field,4327075.0,51.29616696109445,-21.51994371414185,26.70381736755371,0.2790247053159042,4.271693115752384,365,0,0,,
2023,temp_0m,field,4327075.0,51.29616696109445,13.693868838250635,36.622302912175655,28.766637018327053,1.7654712909225423,365,0,0,,
2023,temp_5m,field,4327075.0,51.29616696109445,14.156504836061917,36.57982114702463,28.69570282173196,1.747860104953132,365,0,0,,
2023,temp_10m,field,4194215.0,52.79158621256317,15.997813093071102,36.181002480665576,28.67705369648545,1.6730044887799165,365,0,0,,
2023,temp_20m,field,4090920.0,53.954233597633625,16.584081796583888,35.94489142115437,28.58139921316264,1.6379326675380703,365,0,0,,
2023,temp_30m,field,3969375.0,55.32229571504869,16.999398304787515,34.61987603514327,28.337144931351308,1.6609476253111768,365,0,0,,
2023,temp_50m,field,3796365.0,57.269627377675526,15.87605684411258,31.93298665464682,27.449927531651436,1.861818888062096,365,0,0,,
2023,temp_75m,field,3644160.0,58.98278624542952,14.839463159269624,31.406181662272573,25.778509496316627,2.165382875387178,365,0,0,,
2023,temp_100m,field,3563860.0,59.886611067745775,13.575039850011615,29.921951880184952,23.43006970565114,2.3270391706697264,365,0,0,,
2023,temp_125m,field,3545245.0,60.09613409473727,11.88911468309228,29.52577165431341,20.781836417242356,2.438363788909011,365,0,0,,
2023,temp_150m,field,3527725.0,60.2933322377881,11.155072184667116,29.000791460410383,18.47570879773682,2.423542586602412,365,0,0,,
2023,temp_200m,field,3495605.0,60.654862166714594,10.430058143726423,25.50467779532495,15.586920523365842,2.06621253044213,365,0,0,,
2023,temp_300m,field,3464580.0,61.004067211700416,9.896453002920296,22.394760518576422,13.05766872857882,1.6054760248303124,365,0,0,,
2023,temp_500m,field,3405085.0,61.67371923914383,8.446044994556893,18.39531319773267,11.196677747222028,1.2682083765656922,365,0,0,,
2023,temp_700m,field,3361650.0,62.16260630212399,7.047129321971123,17.11901995022135,9.758640933149604,1.2585540295296354,365,0,0,,
2023,temp_1000m,field,3275510.0,63.132163838790525,4.638705035497332,13.97339536509797,7.695070465179239,1.046748848447741,365,0,0,,
2023,ocean_mask,mask,,,,,,,365,0,0,4327075.0,48.70383303890555
2023,surface_input_valid,mask,,,,,,,365,0,0,4112820.0,46.2922640811799
2023,target_valid_0m,mask,,,,,,,365,0,0,4327075.0,48.70383303890555
2023,target_valid_5m,mask,,,,,,,365,0,0,4327075.0,48.70383303890555
2023,target_valid_10m,mask,,,,,,,365,0,0,4194215.0,47.20841378743684
2023,target_valid_20m,mask,,,,,,,365,0,0,4090920.0,46.045766402366375
2023,target_valid_30m,mask,,,,,,,365,0,0,3969375.0,44.67770428495131
2023,target_valid_50m,mask,,,,,,,365,0,0,3796365.0,42.73037262232448
2023,target_valid_75m,mask,,,,,,,365,0,0,3644160.0,41.01721375457048
2023,target_valid_100m,mask,,,,,,,365,0,0,3563860.0,40.11338893225423
2023,target_valid_125m,mask,,,,,,,365,0,0,3545245.0,39.90386590526273
2023,target_valid_150m,mask,,,,,,,365,0,0,3527725.0,39.70666776221191
2023,target_valid_200m,mask,,,,,,,365,0,0,3495605.0,39.345137833285406
2023,target_valid_300m,mask,,,,,,,365,0,0,3464580.0,38.99593278829958
2023,target_valid_500m,mask,,,,,,,365,0,0,3405085.0,38.32628076085617
2023,target_valid_700m,mask,,,,,,,365,0,0,3361650.0,37.83739369787601
2023,target_valid_1000m,mask,,,,,,,365,0,0,3275510.0,36.86783616120948
2024,sst,field,4123700.0,51.596072470317566,15.447493551205866,36.18999308757486,28.898527237922984,1.7482655272121133,350,0,0,,
2024,sss,field,4080650.0,52.101392711885296,26.107824325561523,40.0,34.51734976971596,2.059542420728521,350,0,0,,
2024,sla,field,4134550.0,51.46871533626391,-0.3854,0.645675,0.11723435454886263,0.0963577236984186,350,0,0,,
2024,current_u,field,3957788.0,53.543544988760885,-2.0862129573244856,2.037515951605334,0.021882214539157223,0.23850443295131651,350,0,0,,
2024,current_v,field,3957788.0,53.543544988760885,-1.807025421805074,1.75909094221219,0.011249989399886992,0.21578944480353132,350,0,0,,
2024,wind_u,field,4149250.0,51.29616696109445,-15.546985149383545,15.699041604995728,1.216488745515909,4.64409437465903,350,0,0,,
2024,wind_v,field,4149250.0,51.29616696109445,-13.88111424446106,18.69090175628662,0.4654757020064386,4.244413955486376,350,0,0,,
2024,temp_0m,field,4149250.0,51.29616696109445,15.845789976418018,36.50291450321674,29.00277227054343,1.7593754169281892,350,0,0,,
2024,temp_5m,field,4149250.0,51.29616696109445,16.14462722092867,36.69737716150456,28.934413483696417,1.743171985038409,350,0,0,,
2024,temp_10m,field,4021850.0,52.79158621256317,16.16165529572935,36.01024940112179,28.908161454676222,1.6740631418987337,350,0,0,,
2024,temp_20m,field,3922800.0,53.954233597633625,15.869485502120558,35.9487005865358,28.799028426826673,1.6500250800382545,350,0,0,,
2024,temp_30m,field,3806250.0,55.32229571504869,15.410095818792357,35.469173536524806,28.560765060630636,1.6822190883868497,350,0,0,,
2024,temp_50m,field,3640350.0,57.269627377675526,14.24056541355152,34.36857275842091,27.660633049414,1.9088760731384384,350,0,0,,
2024,temp_75m,field,3494400.0,58.98278624542952,13.363804625479885,32.508083644349696,25.80421888915833,2.2724740304212734,350,0,0,,
2024,temp_100m,field,3417400.0,59.886611067745775,12.495200975396159,32.43490190013491,23.316984985831297,2.40287446751931,350,0,0,,
2024,temp_125m,field,3399550.0,60.09613409473727,11.78158700333018,30.850790949195947,20.689522233599355,2.321484356468285,350,0,0,,
2024,temp_150m,field,3382750.0,60.2933322377881,11.0377394694171,27.747402317552513,18.454114078342112,2.1753408550092916,350,0,0,,
2024,temp_200m,field,3351950.0,60.654862166714594,10.805740017084203,23.88392419465122,15.650463225691148,1.8823623321070353,350,0,0,,
2024,temp_300m,field,3322200.0,61.004067211700416,10.047689411513486,20.99037001423778,13.116259635060551,1.4941634559733727,350,0,0,,
2024,temp_500m,field,3265150.0,61.67371923914383,8.291579811366235,16.275783359194794,11.233788564000031,1.174645804839674,350,0,0,,
2024,temp_700m,field,3223500.0,62.16260630212399,6.881504250464494,15.424848292253609,9.810648270437419,1.1923835969897871,350,0,0,,
2024,temp_1000m,field,3140900.0,63.132163838790525,4.122601860664888,13.997386719772948,7.7244069051341,0.9736055177421454,350,0,0,,
2024,ocean_mask,mask,,,,,,,350,0,0,4149250.0,48.70383303890555
2024,surface_input_valid,mask,,,,,,,350,0,0,3943788.0,46.29212322536343
2024,target_valid_0m,mask,,,,,,,350,0,0,4149250.0,48.70383303890555
2024,target_valid_5m,mask,,,,,,,350,0,0,4149250.0,48.70383303890555
2024,target_valid_10m,mask,,,,,,,350,0,0,4021850.0,47.20841378743684
2024,target_valid_20m,mask,,,,,,,350,0,0,3922800.0,46.045766402366375
2024,target_valid_30m,mask,,,,,,,350,0,0,3806250.0,44.67770428495131
2024,target_valid_50m,mask,,,,,,,350,0,0,3640350.0,42.730372622324474
2024,target_valid_75m,mask,,,,,,,350,0,0,3494400.0,41.01721375457048
2024,target_valid_100m,mask,,,,,,,350,0,0,3417400.0,40.113388932254225
2024,target_valid_125m,mask,,,,,,,350,0,0,3399550.0,39.90386590526273
2024,target_valid_150m,mask,,,,,,,350,0,0,3382750.0,39.70666776221191
2024,target_valid_200m,mask,,,,,,,350,0,0,3351950.0,39.345137833285406
2024,target_valid_300m,mask,,,,,,,350,0,0,3322200.0,38.99593278829958
2024,target_valid_500m,mask,,,,,,,350,0,0,3265150.0,38.32628076085617
2024,target_valid_700m,mask,,,,,,,350,0,0,3223500.0,37.83739369787601
2024,target_valid_1000m,mask,,,,,,,350,0,0,3140900.0,36.86783616120948
