date,coverage_REFERENCE,coverage_ALL_NRT_V1,coverage_NRT_SSS_MULTIOBS_ONLY
2024-07-01,1.0,0.9870429534966276,0.9966276180333689
2024-07-04,1.0,0.9844692935747249,0.9966276180333689
2024-07-07,1.0,0.9844692935747249,0.9966276180333689
2024-07-10,1.0,0.9944976925807597,0.9966276180333689
2024-07-13,1.0,0.9948526801561945,0.9966276180333689
2024-07-16,1.0,0.9948526801561945,0.9966276180333689
2024-07-19,1.0,0.9948526801561945,0.9966276180333689
2024-07-22,1.0,0.9948526801561945,0.9966276180333689
2024-07-25,1.0,0.9948526801561945,0.9966276180333689
2024-07-28,1.0,0.9948526801561945,0.9966276180333689
2024-07-31,1.0,0.9948526801561945,0.9966276180333689
2024-08-03,1.0,0.9948526801561945,0.9966276180333689
2024-08-06,1.0,0.9948526801561945,0.9966276180333689
2024-08-09,1.0,0.9948526801561945,0.9966276180333689
2024-08-12,1.0,0.9948526801561945,0.9966276180333689
2024-08-15,1.0,0.9948526801561945,0.9966276180333689
2024-08-18,1.0,0.9948526801561945,0.9966276180333689
2024-08-21,1.0,0.9948526801561945,0.9966276180333689
2024-08-24,1.0,0.9948526801561945,0.9966276180333689
2024-08-27,1.0,0.9948526801561945,0.9966276180333689
2024-08-30,1.0,0.9948526801561945,0.9966276180333689
2024-09-02,1.0,0.9948526801561945,0.9966276180333689
2024-09-05,1.0,0.9948526801561945,0.9966276180333689
2024-09-08,1.0,0.9948526801561945,0.9966276180333689
2024-09-11,1.0,0.9948526801561945,0.9966276180333689
2024-09-14,1.0,0.9948526801561945,0.9966276180333689
2024-09-17,1.0,0.9948526801561945,0.9966276180333689
2024-09-20,1.0,0.9948526801561945,0.9966276180333689
2024-09-23,1.0,0.9948526801561945,0.9966276180333689
2024-09-26,1.0,0.9948526801561945,0.9966276180333689
2024-09-29,1.0,0.9948526801561945,0.9966276180333689
2024-10-02,1.0,0.9948526801561945,0.9966276180333689
2024-10-05,1.0,0.9948526801561945,0.9966276180333689
2024-10-08,1.0,0.9948526801561945,0.9966276180333689
2024-10-11,1.0,0.9948526801561945,0.9966276180333689
2024-10-14,1.0,0.9948526801561945,0.9966276180333689
2024-10-17,1.0,0.9948526801561945,0.9966276180333689
2024-10-20,1.0,0.9948526801561945,0.9966276180333689
2024-10-23,1.0,0.9948526801561945,0.9966276180333689
2024-10-26,1.0,0.9948526801561945,0.9966276180333689
2024-10-29,1.0,0.9948526801561945,0.9966276180333689
2024-11-01,1.0,0.9948526801561945,0.9966276180333689
2024-11-04,1.0,0.9948526801561945,0.9966276180333689
2024-11-07,1.0,0.9948526801561945,0.9966276180333689
2024-11-10,1.0,0.9948526801561945,0.9966276180333689
2024-11-13,1.0,0.9948526801561945,0.9966276180333689
2024-11-16,1.0,0.9948526801561945,0.9966276180333689
2024-11-19,1.0,0.9948526801561945,0.9966276180333689
2024-11-22,1.0,0.9948526801561945,0.9966276180333689
2024-11-25,1.0,0.9948526801561945,0.9966276180333689
2024-11-28,1.0,0.9966276180333689,0.9966276180333689
2024-12-01,1.0,0.9966276180333689,0.9966276180333689
2024-12-04,1.0,0.9966276180333689,0.9966276180333689
2024-12-07,1.0,0.9966276180333689,0.9966276180333689
2024-12-10,1.0,0.9966276180333689,0.9966276180333689
2024-12-13,1.0,0.9966276180333689,0.9966276180333689
