mode,depth_m,rmse,rmse_complete,rmse_L0,degradation_pct,skill_over_L0_pct,beats_L0,n
A_COMPLETE,0,0.44928251339200126,0.44928251339200126,0.5902712013637664,0.0,23.885408545431996,True,4031232
A_COMPLETE,5,0.4513147761554204,0.4513147761554204,0.5815175986291081,0.0,22.390177490867487,True,4031232
A_COMPLETE,10,0.4574916550243218,0.4574916550243218,0.5866312837943486,0.0,22.013764410030745,True,3991774
A_COMPLETE,20,0.5101127032503583,0.5101127032503583,0.6233692348823433,0.0,18.168450621943418,True,3938922
A_COMPLETE,30,0.5918399914156878,0.5918399914156878,0.7126570202806344,0.0,16.953039881284067,True,3849870
A_COMPLETE,50,0.8070358125020702,0.8070358125020702,1.017052656262759,0.0,20.649554619169123,True,3702174
A_COMPLETE,75,1.096256476602329,1.096256476602329,1.5341619820602634,0.0,28.54362906776379,True,3559908
A_COMPLETE,100,1.2254870754085887,1.2254870754085887,1.8725757272485186,0.0,34.55607388389755,True,3490404
A_COMPLETE,125,1.18343125002835,1.18343125002835,1.784645042315089,0.0,33.68814403041338,True,3475562
A_COMPLETE,150,1.060766949754188,1.060766949754188,1.5014111827088643,0.0,29.34867130532893,True,3462530
A_COMPLETE,200,0.7803461767610109,0.7803461767610109,0.9871884939455645,0.0,20.952666937785366,True,3436828
A_COMPLETE,300,0.5267509859056732,0.5267509859056732,0.5751704668308847,0.0,8.418283572867823,True,3412936
A_COMPLETE,500,0.3797069827317677,0.3797069827317677,0.39152953605831364,0.0,3.0195814715713154,True,3360446
A_COMPLETE,700,0.391449026135723,0.391449026135723,0.3786378215100786,0.0,-3.3834983981660787,False,3320988
A_COMPLETE,1000,0.41064359621180047,0.41064359621180047,0.40131993302785396,0.0,-2.3232494617453727,False,3240262
B_SSS_MISSING,0,0.5425955905537085,0.44928251339200126,0.5902712013637664,20.769354332802877,8.076899347267467,True,4031232
B_SSS_MISSING,5,0.5388314258551489,0.4513147761554204,0.5815175986291081,19.3914877871382,7.340478237389422,True,4031232
B_SSS_MISSING,10,0.5443295991660823,0.4574916550243218,0.5866312837943486,18.981317623628314,7.210949329987616,True,3991774
B_SSS_MISSING,20,0.6069064868481936,0.5101127032503583,0.6233692348823433,18.974980035015886,2.6409304651130148,True,3938922
B_SSS_MISSING,30,0.7114015700802163,0.5918399914156878,0.7126570202806344,20.20167281675845,0.17616471383719529,True,3849870
B_SSS_MISSING,50,0.9707237162370443,0.8070358125020702,1.017052656262759,20.2826071903165,4.555215478808553,True,3702174
B_SSS_MISSING,75,1.2637309009500934,1.096256476602329,1.5341619820602634,15.276938191218214,17.62728344675844,True,3559908
B_SSS_MISSING,100,1.3628557134268253,1.2254870754085887,1.8725757272485186,11.209309406420028,27.220261717834703,True,3490404
B_SSS_MISSING,125,1.3162245183560217,1.18343125002835,1.784645042315089,11.221037835910675,26.247265582371483,True,3475562
B_SSS_MISSING,150,1.1758308608351258,1.060766949754188,1.5014111827088643,10.847237567837263,21.684953836984384,True,3462530
B_SSS_MISSING,200,0.8441303027428592,0.7803461767610109,0.9871884939455645,8.173824371972643,14.491476762551677,True,3436828
B_SSS_MISSING,300,0.5573884710735022,0.5267509859056732,0.5751704668308847,5.816312828565905,3.091604451695685,True,3412936
B_SSS_MISSING,500,0.40584211454311325,0.3797069827317677,0.39152953605831364,6.882973713919805,-3.655555243389843,False,3360446
B_SSS_MISSING,700,0.41500472809456757,0.391449026135723,0.3786378215100786,6.017565605253881,-9.604668239282319,False,3320988
B_SSS_MISSING,1000,0.42346297181658465,0.41064359621180047,0.40131993302785396,3.1217765778020925,-5.517552697088146,False,3240262
C_SSS_SPATIAL_GAPS,0,0.4821037514332259,0.44928251339200126,0.5902712013637664,7.305256061142974,18.325042739782955,True,4031232
C_SSS_SPATIAL_GAPS,5,0.48151286949097183,0.4513147761554204,0.5815175986291081,6.691137744878977,17.19719736322534,True,4031232
C_SSS_SPATIAL_GAPS,10,0.4869455291339256,0.4574916550243218,0.5866312837943486,6.438122703689074,16.992914870760487,True,3991774
C_SSS_SPATIAL_GAPS,20,0.5423882038082017,0.5101127032503583,0.6233692348823433,6.327131308863515,12.990861040716291,True,3938922
C_SSS_SPATIAL_GAPS,30,0.6351523388996152,0.5918399914156878,0.7126570202806344,7.31825292514009,10.875453293156212,True,3849870
C_SSS_SPATIAL_GAPS,50,0.8736193855653034,0.8070358125020702,1.017052656262759,8.250386418020618,14.102836250830187,True,3702174
C_SSS_SPATIAL_GAPS,75,1.1631969721409994,1.096256476602329,1.5341619820602634,6.106280507107392,24.180302618442294,True,3559908
C_SSS_SPATIAL_GAPS,100,1.2812167200263318,1.2254870754085887,1.8725757272485186,4.547550580993465,31.5799782415798,True,3490404
C_SSS_SPATIAL_GAPS,125,1.2390929736208545,1.18343125002835,1.784645042315089,4.703418436108656,30.56921997141403,True,3475562
C_SSS_SPATIAL_GAPS,150,1.1096008347668211,1.060766949754188,1.5014111827088643,4.603639378465683,26.096138916131835,True,3462530
C_SSS_SPATIAL_GAPS,200,0.807292086007459,0.7803461767610109,0.9871884939455645,3.4530712200439977,18.22310622960171,True,3436828
C_SSS_SPATIAL_GAPS,300,0.5385986974960777,0.5267509859056732,0.5751704668308847,2.2492053944681456,6.358422666642245,True,3412936
C_SSS_SPATIAL_GAPS,500,0.3901570716302042,0.3797069827317677,0.39152953605831364,2.75214556847343,0.35053918075418,True,3360446
C_SSS_SPATIAL_GAPS,700,0.40087657354446143,0.391449026135723,0.3786378215100786,2.408371659984587,-5.87335727468813,False,3320988
C_SSS_SPATIAL_GAPS,1000,0.4159783058090363,0.41064359621180047,0.40131993302785396,1.2991094093390634,-3.652540423444389,False,3240262
D_CURRENT_STALE_1D,0,0.4497197678190428,0.44928251339200126,0.5902712013637664,0.09732282339242973,23.811331676014795,True,4031232
D_CURRENT_STALE_1D,5,0.45158644073263426,0.4513147761554204,0.5815175986291081,0.060194035641386416,22.34346100664512,True,4031232
D_CURRENT_STALE_1D,10,0.45771455091387503,0.4574916550243218,0.5866312837943486,0.048721301712347016,21.975768500894855,True,3991774
D_CURRENT_STALE_1D,20,0.5104314154608789,0.5101127032503583,0.6233692348823433,0.062478783313925604,18.11732326552507,True,3938922
D_CURRENT_STALE_1D,30,0.5920856305210314,0.5918399914156878,0.7126570202806344,0.04150431010179212,16.91857181342628,True,3849870
D_CURRENT_STALE_1D,50,0.8069337965397421,0.8070358125020702,1.017052656262759,-0.012640822222236978,20.659585167902268,True,3702174
D_CURRENT_STALE_1D,75,1.0960147201417028,1.096256476602329,1.5341619820602634,-0.022052910590374078,28.559387277356596,True,3559908
D_CURRENT_STALE_1D,100,1.224643792708619,1.2254870754085887,1.8725757272485186,-0.06881204354510607,34.601107186834184,True,3490404
D_CURRENT_STALE_1D,125,1.182243854126595,1.18343125002835,1.784645042315089,-0.10033501326980668,33.75467803989993,True,3475562
D_CURRENT_STALE_1D,150,1.060068781484023,1.060766949754188,1.5014111827088643,-0.0658173098555519,29.39517210925297,True,3462530
D_CURRENT_STALE_1D,200,0.7798423416626631,0.7803461767610109,0.9871884939455645,-0.06456558811361264,21.00370431326511,True,3436828
D_CURRENT_STALE_1D,300,0.5265368658857753,0.5267509859056732,0.5751704668308847,-0.04064919205223634,8.45551080066302,True,3412936
D_CURRENT_STALE_1D,500,0.3798172024679535,0.3797069827317677,0.39152953605831364,0.029027576841709767,2.991430406061564,True,3360446
D_CURRENT_STALE_1D,700,0.39150827412538663,0.391449026135723,0.3786378215100786,0.015135556792283575,-3.399146066279983,False,3320988
D_CURRENT_STALE_1D,1000,0.41079031062990545,0.41064359621180047,0.40131993302785396,0.03572792062470528,-2.3598074310936843,False,3240262
E_CURRENT_STALE_2D,0,0.4502541931309402,0.44928251339200126,0.5902712013637664,0.2162736607759131,23.72079273210857,True,4031232
E_CURRENT_STALE_2D,5,0.45194493866240865,0.4513147761554204,0.5815175986291081,0.13962815761458877,22.28181232557003,True,4031232
E_CURRENT_STALE_2D,10,0.45803382479340043,0.4574916550243218,0.5866312837943486,0.11850921500410577,21.92134353442182,True,3991774
E_CURRENT_STALE_2D,20,0.5108736663885441,0.5101127032503583,0.6233692348823433,0.14917549265821398,18.04637800500885,True,3938922
E_CURRENT_STALE_2D,30,0.5924758370358351,0.5918399914156878,0.7126570202806344,0.10743539290515684,16.863818053384733,True,3849870
E_CURRENT_STALE_2D,50,0.8071652427039808,0.8070358125020702,1.017052656262759,0.016037727187014177,20.63682861121727,True,3702174
E_CURRENT_STALE_2D,75,1.0966640412690736,1.096256476602329,1.5341619820602634,0.03717785713865984,28.517063120262126,True,3559908
E_CURRENT_STALE_2D,100,1.2256993919775003,1.2254870754085887,1.8725757272485186,0.017325076140916613,34.544735673868324,True,3490404
E_CURRENT_STALE_2D,125,1.183164313067815,1.18343125002835,1.784645042315089,-0.02255618655738718,33.70310145635555,True,3475562
E_CURRENT_STALE_2D,150,1.0609185605816949,1.060766949754188,1.5014111827088643,0.014292567047073098,29.338573416805602,True,3462530
E_CURRENT_STALE_2D,200,0.7799570905265795,0.7803461767610109,0.9871884939455645,-0.049860721564170464,20.992080508427417,True,3436828
E_CURRENT_STALE_2D,300,0.5264238526093663,0.5267509859056732,0.5751704668308847,-0.06210397418514336,8.475159458396039,True,3412936
E_CURRENT_STALE_2D,500,0.37995709957788926,0.3797069827317677,0.39152953605831364,0.06587101567691514,2.955699484878916,True,3360446
E_CURRENT_STALE_2D,700,0.3915569795863971,0.391449026135723,0.3786378215100786,0.027577907586024634,-3.4120094038135242,False,3320988
E_CURRENT_STALE_2D,1000,0.4109163966883787,0.41064359621180047,0.40131993302785396,0.0664324195226302,-2.3912252720969867,False,3240262
F_CURRENT_STALE_3D,0,0.4508467723644123,0.44928251339200126,0.5902712013637664,0.3481682295180275,23.620401719959748,True,4031232
F_CURRENT_STALE_3D,5,0.4523683601104713,0.4513147761554204,0.5815175986291081,0.23344769786311426,22.208999146904265,True,4031232
F_CURRENT_STALE_3D,10,0.4584315472837076,0.4574916550243218,0.5866312837943486,0.2054446784031111,21.85354583912424,True,3991774
F_CURRENT_STALE_3D,20,0.5113857456625609,0.5101127032503583,0.6233692348823433,0.24956100957513513,17.96423098116456,True,3938922
F_CURRENT_STALE_3D,30,0.5930088065843143,0.5918399914156878,0.7126570202806344,0.19748837280000767,16.78903179108574,True,3849870
F_CURRENT_STALE_3D,50,0.8078691425952896,0.8070358125020702,1.017052656262759,0.10325813059470146,20.567618832650307,True,3702174
F_CURRENT_STALE_3D,75,1.0984298144438382,1.096256476602329,1.5341619820602634,0.19825085533315204,28.401966201200597,True,3559908
F_CURRENT_STALE_3D,100,1.2286105659251128,1.2254870754085887,1.8725757272485186,0.2548774751853382,34.38927205735067,True,3490404
F_CURRENT_STALE_3D,125,1.1857850020410343,1.18343125002835,1.784645042315089,0.19889216315928873,33.556254945644405,True,3475562
F_CURRENT_STALE_3D,150,1.062905721722653,1.060766949754188,1.5014111827088643,0.201625057130647,29.206220523484745,True,3462530
F_CURRENT_STALE_3D,200,0.780524441043435,0.7803461767610109,0.9871884939455645,0.022844256527787533,20.93460916224226,True,3436828
F_CURRENT_STALE_3D,300,0.5263660044875158,0.5267509859056732,0.5751704668308847,-0.07308603656344903,8.48521701962119,True,3412936
F_CURRENT_STALE_3D,500,0.38009335563489066,0.3797069827317677,0.39152953605831364,0.1017555432726741,2.9208985198295996,True,3360446
F_CURRENT_STALE_3D,700,0.39159586813738817,0.391449026135723,0.3786378215100786,0.037512419717768156,-3.422280050004111,False,3320988
F_CURRENT_STALE_3D,1000,0.4110456895157176,0.41064359621180047,0.40131993302785396,0.09791783133268955,-2.4234421685674516,False,3240262
G_WIND_STALE_1D,0,0.4491779680003049,0.44928251339200126,0.5902712013637664,-0.02326941035542531,23.903119962057914,True,4031232
G_WIND_STALE_1D,5,0.45139717245357897,0.4513147761554204,0.5815175986291081,0.01825694670589801,22.37600830693345,True,4031232
G_WIND_STALE_1D,10,0.45756974154479,0.4574916550243218,0.5866312837943486,0.017068403239847065,22.000453404868672,True,3991774
G_WIND_STALE_1D,20,0.5101251289256044,0.5101127032503583,0.6233692348823433,0.0024358686162664453,18.166457312913913,True,3938922
G_WIND_STALE_1D,30,0.5918730322276903,0.5918399914156878,0.7126570202806344,0.0055827271697998955,16.948403596077824,True,3849870
G_WIND_STALE_1D,50,0.8073601179381867,0.8070358125020702,1.017052656262759,0.040184763933963474,20.61766783001229,True,3702174
G_WIND_STALE_1D,75,1.0966741179614727,1.096256476602329,1.5341619820602634,0.038097048278163494,28.516406299631907,True,3559908
G_WIND_STALE_1D,100,1.2257129765616912,1.2254870754085887,1.8725757272485186,0.01843358103366255,34.54401022474533,True,3490404
G_WIND_STALE_1D,125,1.1836268600934268,1.18343125002835,1.784645042315089,0.016529060312727044,33.677183303745686,True,3475562
G_WIND_STALE_1D,150,1.060864545195453,1.060766949754188,1.5014111827088643,0.00920046022244478,29.34217105793575,True,3462530
G_WIND_STALE_1D,200,0.7804271812820308,0.7803461767610109,0.9871884939455645,0.010380587927798357,20.944461359872264,True,3436828
G_WIND_STALE_1D,300,0.5268224211371781,0.5267509859056732,0.5751704668308847,0.013561480361003547,8.405863736380287,True,3412936
G_WIND_STALE_1D,500,0.37976668101770217,0.3797069827317677,0.39152953605831364,0.01572219860298625,3.0043340175642683,True,3360446
G_WIND_STALE_1D,700,0.3914065576490361,0.391449026135723,0.3786378215100786,-0.010849046453421511,-3.37228227439969,False,3320988
G_WIND_STALE_1D,1000,0.4106627488452497,0.41064359621180047,0.40131993302785396,0.004664052630052774,-2.3280218719530485,False,3240262
H_SLA_STALE_1D,0,0.44961600508713934,0.44928251339200126,0.5902712013637664,0.07422761518588285,23.828910499386794,True,4031232
H_SLA_STALE_1D,5,0.4514640361283854,0.4513147761554204,0.5815175986291081,0.0330722548542479,22.364510172575336,True,4031232
H_SLA_STALE_1D,10,0.4577120097911055,0.4574916550243218,0.5866312837943486,0.048165854909846484,21.97620167294683,True,3991774
H_SLA_STALE_1D,20,0.5102671626557423,0.5101127032503583,0.6233692348823433,0.030279466557069486,18.143672465316353,True,3938922
H_SLA_STALE_1D,30,0.5919148636667089,0.5918399914156878,0.7126570202806344,0.012650759007008154,16.942533810496798,True,3849870
H_SLA_STALE_1D,50,0.8067667396478196,0.8070358125020702,1.017052656262759,-0.03334088154234243,20.676010757166868,True,3702174
H_SLA_STALE_1D,75,1.0949101977105475,1.096256476602329,1.5341619820602634,-0.12280692707550439,28.63138244110534,True,3559908
H_SLA_STALE_1D,100,1.2241196662151526,1.2254870754085887,1.8725757272485186,-0.11158087432135792,34.629096788848116,True,3490404
H_SLA_STALE_1D,125,1.182619569156566,1.18343125002835,1.784645042315089,-0.06858707438767696,33.7336253923951,True,3475562
H_SLA_STALE_1D,150,1.0602678941365935,1.060766949754188,1.5014111827088643,-0.0470466786045892,29.38191040886979,True,3462530
H_SLA_STALE_1D,200,0.7798755633726802,0.7803461767610109,0.9871884939455645,-0.060308283982904075,21.00033902788944,True,3436828
H_SLA_STALE_1D,300,0.5263842344360937,0.5267509859056732,0.5751704668308847,-0.06962520800010513,8.48204753342028,True,3412936
H_SLA_STALE_1D,500,0.37924068235482916,0.3797069827317677,0.39152953605831364,-0.12280532045625153,3.138678585324966,True,3360446
H_SLA_STALE_1D,700,0.39119485111281166,0.391449026135723,0.3786378215100786,-0.06493183171778671,-3.316369598962221,False,3320988
H_SLA_STALE_1D,1000,0.4105217876498614,0.41064359621180047,0.40131993302785396,-0.02966284219764767,-2.2928974777260294,False,3240262
I_SSS_MISSING_CURRENT_STALE_2D,0,0.5429631198858763,0.44928251339200126,0.5902712013637664,20.851157946612147,8.01463486082147,True,4031232
I_SSS_MISSING_CURRENT_STALE_2D,5,0.5390142798453391,0.4513147761554204,0.5815175986291081,19.43200363103498,7.309033962853053,True,4031232
I_SSS_MISSING_CURRENT_STALE_2D,10,0.5444909584183737,0.4574916550243218,0.5866312837943486,19.01658804889604,7.183443253044744,True,3991774
I_SSS_MISSING_CURRENT_STALE_2D,20,0.6071262453424892,0.5101127032503583,0.6233692348823433,19.018060415664177,2.60567712215055,True,3938922
I_SSS_MISSING_CURRENT_STALE_2D,30,0.71147070830345,0.5918399914156878,0.7126570202806344,20.213354728125804,0.16646324156284545,True,3849870
I_SSS_MISSING_CURRENT_STALE_2D,50,0.9704639616563648,0.8070358125020702,1.017052656262759,20.2504209382747,4.580755413155118,True,3702174
I_SSS_MISSING_CURRENT_STALE_2D,75,1.2641763947740385,1.096256476602329,1.5341619820602634,15.3175759282308,17.598245194660258,True,3559908
I_SSS_MISSING_CURRENT_STALE_2D,100,1.3638565889924787,1.2254870754085887,1.8725757272485186,11.290981060551484,27.16681258084711,True,3490404
I_SSS_MISSING_CURRENT_STALE_2D,125,1.316525606550879,1.18343125002835,1.784645042315089,11.246479803481675,26.230394541479967,True,3475562
I_SSS_MISSING_CURRENT_STALE_2D,150,1.1758855995361828,1.060766949754188,1.5014111827088643,10.852397862572094,21.681308020189668,True,3462530
I_SSS_MISSING_CURRENT_STALE_2D,200,0.8432443166847252,0.7803461767610109,0.9871884939455645,8.060286805631073,14.581225180768431,True,3436828
I_SSS_MISSING_CURRENT_STALE_2D,300,0.5570726255419389,0.5267509859056732,0.5751704668308847,5.75635175777261,3.146517829516272,True,3412936
I_SSS_MISSING_CURRENT_STALE_2D,500,0.4062257065041676,0.3797069827317677,0.39152953605831364,6.983996865586557,-3.7535279186868684,False,3360446
I_SSS_MISSING_CURRENT_STALE_2D,700,0.4153335189977188,0.391449026135723,0.3786378215100786,6.101558892041941,-9.691503437583417,False,3320988
I_SSS_MISSING_CURRENT_STALE_2D,1000,0.4238919529647177,0.41064359621180047,0.40131993302785396,3.2262421416366247,-5.624445256572173,False,3240262
J_SSS_MISSING_JOINT_MASK,0,1.4515987897066949,0.44928251339200126,0.5902712013637664,223.09265249328044,-145.92065246498754,False,4031232
J_SSS_MISSING_JOINT_MASK,5,1.4056311673827817,0.4513147761554204,0.5815175986291081,211.45250314133764,-141.71773488824252,False,4031232
J_SSS_MISSING_JOINT_MASK,10,1.5063289276798324,0.4574916550243218,0.5866312837943486,229.2582304260284,-156.7760992794063,False,3991774
J_SSS_MISSING_JOINT_MASK,20,1.6113468589436517,0.5101127032503583,0.6233692348823433,215.8805590757497,-158.4899556757533,False,3938922
J_SSS_MISSING_JOINT_MASK,30,1.7870870323643016,0.5918399914156878,0.7126570202806344,201.95442320306367,-150.76396941414703,False,3849870
J_SSS_MISSING_JOINT_MASK,50,2.13970310359186,0.8070358125020702,1.017052656262759,165.13112187154283,-110.38272604826275,False,3702174
J_SSS_MISSING_JOINT_MASK,75,2.2869664295396595,1.096256476602329,1.5341619820602634,108.61600167031575,-49.06942397754093,False,3559908
J_SSS_MISSING_JOINT_MASK,100,2.333143544350772,1.2254870754085887,1.8725757272485186,90.38499802806004,-24.595417445626722,False,3490404
J_SSS_MISSING_JOINT_MASK,125,2.178615822141693,1.18343125002835,1.784645042315089,84.09314627186859,-22.07558200568191,False,3475562
J_SSS_MISSING_JOINT_MASK,150,1.966678150447877,1.060766949754188,1.5014111827088643,85.40152961059128,-30.988644090126755,False,3462530
J_SSS_MISSING_JOINT_MASK,200,1.3955323829757889,0.7803461767610109,0.9871884939455645,78.83503815809493,-41.36432824476793,False,3436828
J_SSS_MISSING_JOINT_MASK,300,0.8387164442839885,0.5267509859056732,0.5751704668308847,59.224465966956906,-45.82049890447406,False,3412936
J_SSS_MISSING_JOINT_MASK,500,0.8343205647414519,0.3797069827317677,0.39152953605831364,119.72747478569075,-113.09262466911048,False,3360446
J_SSS_MISSING_JOINT_MASK,700,0.7087702055237876,0.391449026135723,0.3786378215100786,81.06321850397019,-87.18948960171997,False,3320988
J_SSS_MISSING_JOINT_MASK,1000,0.5767523042854078,0.41064359621180047,0.40131993302785396,40.45082149240002,-43.71384444673916,False,3240262
B_SSS_MISSING::persistence,0,0.4494435197551905,0.44928251339200126,0.5902712013637664,0.035836329790280785,23.858131869419815,True,4031232
B_SSS_MISSING::persistence,5,0.4514934096206708,0.4513147761554204,0.5815175986291081,0.0395806817521217,22.35945899401176,True,4031232
B_SSS_MISSING::persistence,10,0.4576138713263701,0.4574916550243218,0.5866312837943486,0.026714433084421212,21.992930829309003,True,3991774
B_SSS_MISSING::persistence,20,0.5102167728795872,0.5101127032503583,0.6233692348823433,0.020401301235161515,18.151755921049396,True,3938922
B_SSS_MISSING::persistence,30,0.5919155863103615,0.5918399914156878,0.7126570202806344,0.012772860193657547,16.942432409173016,True,3849870
B_SSS_MISSING::persistence,50,0.806861007214499,0.8070358125020702,1.017052656262759,-0.0216601648728867,20.666742056465985,True,3702174
B_SSS_MISSING::persistence,75,1.095896828241172,1.096256476602329,1.5341619820602634,-0.03280695428789217,28.567071726711312,True,3559908
B_SSS_MISSING::persistence,100,1.2253794088064098,1.2254870754085887,1.8725757272485186,-0.008785617110076135,34.56182353666791,True,3490404
B_SSS_MISSING::persistence,125,1.183652376508584,1.18343125002835,1.784645042315089,0.018685198673669755,33.67575352838127,True,3475562
B_SSS_MISSING::persistence,150,1.0610652106794765,1.060766949754188,1.5014111827088643,0.02811747908977671,29.328805932756563,True,3462530
B_SSS_MISSING::persistence,200,0.7805001283676543,0.7803461767610109,0.9871884939455645,0.019728629578521208,20.937071982253823,True,3436828
B_SSS_MISSING::persistence,300,0.5267885205499501,0.5267509859056732,0.5751704668308847,0.007125690370067341,8.411757743319633,True,3412936
B_SSS_MISSING::persistence,500,0.3797295715940885,0.3797069827317677,0.39152953605831364,0.0059490247343628976,3.01381208248557,True,3360446
B_SSS_MISSING::persistence,700,0.39147273848626457,0.391449026135723,0.3786378215100786,0.006057583224981064,-3.389760939622445,False,3320988
B_SSS_MISSING::persistence,1000,0.4106271723923384,0.41064359621180047,0.40131993302785396,-0.003999531373081582,-2.3191570112811934,False,3240262
B_SSS_MISSING::channel_climatology,0,0.4490695256540334,0.44928251339200126,0.5902712013637664,-0.04740619356845933,23.921491575990792,True,4031232
B_SSS_MISSING::channel_climatology,5,0.45171315609381024,0.4513147761554204,0.5815175986291081,0.0882709717114654,22.32167054639513,True,4031232
B_SSS_MISSING::channel_climatology,10,0.4576821396880118,0.4574916550243218,0.5866312837943486,0.041636751533720505,21.981293474887647,True,3991774
B_SSS_MISSING::channel_climatology,20,0.5110464056736153,0.5101127032503583,0.6233692348823433,0.1830384574443177,18.018667416259035,True,3938922
B_SSS_MISSING::channel_climatology,30,0.5927602524300183,0.5918399914156878,0.7126570202806344,0.15549152265449992,16.823908898477196,True,3849870
B_SSS_MISSING::channel_climatology,50,0.7949053806514187,0.8070358125020702,1.017052656262759,-1.5030847036444777,21.84225902596216,True,3702174
B_SSS_MISSING::channel_climatology,75,1.0788942929676864,1.096256476602329,1.5341619820602634,-1.5837702221339667,29.675333792406132,True,3559908
B_SSS_MISSING::channel_climatology,100,1.2243469223323513,1.2254870754085887,1.8725757272485186,-0.09303672793588988,34.61696077138875,True,3490404
B_SSS_MISSING::channel_climatology,125,1.1915092169729382,1.18343125002835,1.784645042315089,0.682588612088347,33.23550685310056,True,3475562
B_SSS_MISSING::channel_climatology,150,1.0681594555815916,1.060766949754188,1.5014111827088643,0.696901975416622,28.85630079999768,True,3462530
B_SSS_MISSING::channel_climatology,200,0.7835486652849318,0.7803461767610109,0.9871884939455645,0.4103933125184908,20.62826196917382,True,3436828
B_SSS_MISSING::channel_climatology,300,0.527411918597126,0.5267509859056732,0.5751704668308847,0.12547346073144278,8.303372823869443,True,3412936
B_SSS_MISSING::channel_climatology,500,0.3794838394831243,0.3797069827317677,0.39152953605831364,-0.05876722283008357,3.0765741702294647,True,3360446
B_SSS_MISSING::channel_climatology,700,0.39139226276435124,0.391449026135723,0.3786378215100786,-0.014500833462822544,-3.3685069292353207,False,3320988
B_SSS_MISSING::channel_climatology,1000,0.411278276745812,0.41064359621180047,0.40131993302785396,0.1545575140746143,-2.481397732433812,False,3240262
L0_climatology,0,0.5902712013637664,0.44928251339200126,0.5902712013637664,31.38085364314008,0.0,False,4031232
L0_climatology,5,0.5815175986291081,0.4513147761554204,0.5815175986291081,28.84966975440871,0.0,False,4031232
L0_climatology,10,0.5866312837943486,0.4574916550243218,0.5866312837943486,28.227756146319493,0.0,False,3991774
L0_climatology,20,0.6233692348823433,0.5101127032503583,0.6233692348823433,22.202256660210992,0.0,False,3938922
L0_climatology,30,0.7126570202806344,0.5918399914156878,0.7126570202806344,20.413799441965885,0.0,False,3849870
L0_climatology,50,1.017052656262759,0.8070358125020702,1.017052656262759,26.023237198058062,0.0,False,3702174
L0_climatology,75,1.5341619820602634,1.096256476602329,1.5341619820602634,39.945534170539375,0.0,False,3559908
L0_climatology,100,1.8725757272485186,1.2254870754085887,1.8725757272485186,52.8025684501148,0.0,False,3490404
L0_climatology,125,1.784645042315089,1.18343125002835,1.784645042315089,50.80259561105359,0.0,False,3475562
L0_climatology,150,1.5014111827088643,1.060766949754188,1.5014111827088643,41.54015479618656,0.0,False,3462530
L0_climatology,200,0.9871884939455645,0.7803461767610109,0.9871884939455645,26.506481782623148,0.0,False,3436828
L0_climatology,300,0.5751704668308847,0.5267509859056732,0.5751704668308847,9.192100673900239,0.0,False,3412936
L0_climatology,500,0.39152953605831364,0.3797069827317677,0.39152953605831364,3.1135991341243385,0.0,False,3360446
L0_climatology,700,0.3786378215100786,0.391449026135723,0.3786378215100786,-3.27276446491977,0.0,False,3320988
L0_climatology,1000,0.40131993302785396,0.41064359621180047,0.40131993302785396,-2.270500080838367,0.0,False,3240262
