basin,depth_m,model,n,rmse,mae,bias,correlation,nrmse,obs_std,anomaly_correlation,anomaly_rmse
arabian_sea,0,L0,6,0.7924024789968344,0.7763168440576808,-0.7763168440576808,0.9679805896412194,1.2681848940783265,0.6248319804918709,,
arabian_sea,0,L1,6,0.6150815853241471,0.599406195441059,-0.599406195441059,0.9860834842206317,0.9843951726669812,0.6248319804918709,0.6186163897630598,0.6150815853241471
arabian_sea,0,L2,6,0.38547990497446427,0.301079458553937,-0.26100805868146537,0.9799548556859601,0.6169336989937879,0.6248319804918709,0.12325682281814845,0.38547990497446427
arabian_sea,0,GLORYS,6,0.15738783828512196,0.10142292017738086,-0.08180838699142139,0.978364951598612,0.251888256681781,0.6248319804918709,0.7348554130531741,0.15738783828512196
arabian_sea,5,L0,3113,0.8729164359751032,0.6505396305975147,-0.2439109525646898,0.9180110969914539,0.4130080169562931,2.113558091216133,,
arabian_sea,5,L1,3113,0.6828611795237514,0.4974201435406613,-0.2474725062517839,0.9535971762240771,0.32308607100116926,2.113558091216133,0.667337707495495,0.6828611795237514
arabian_sea,5,L2,3113,0.6525445813187212,0.43404277874131375,-0.02730878228089841,0.9515236869328412,0.30874220303225713,2.113558091216133,0.6284209932481677,0.6525445813187212
arabian_sea,5,GLORYS,3113,0.5217814620737784,0.31442186208276207,-0.06444888044020142,0.969551503508365,0.24687348989473357,2.113558091216133,0.7929399077074457,0.5217814620737784
arabian_sea,10,L0,3206,0.9363204198977927,0.6596212323562827,-0.1574576334627078,0.9012099992746894,0.439670688423954,2.129594818463182,,
arabian_sea,10,L1,3206,0.7856701928454619,0.5182576626248419,-0.16288841577218277,0.9326169463029682,0.36892942546340307,2.129594818463182,0.5591691794153596,0.7856701928454619
arabian_sea,10,L2,3206,0.7602729094955023,0.46476778911916267,0.05325930025602002,0.934769771079618,0.3570035496443177,2.129594818463182,0.5699973837902115,0.7602729094955023
arabian_sea,10,GLORYS,3206,0.627080108331799,0.3351481578984705,0.018630804015230713,0.9557681539672417,0.2944598206640689,2.129594818463182,0.738776008539679,0.627080108331799
arabian_sea,20,L0,3209,1.1916512613698214,0.813410342395761,0.04624579941072373,0.833596920526367,0.5527897122415959,2.1557044839666117,,
arabian_sea,20,L1,3209,1.0989715501264032,0.7038039041444594,0.029558728334271783,0.8604191188071342,0.5097969403042836,2.1557044839666117,0.3887210720147675,1.0989715501264032
arabian_sea,20,L2,3209,1.1396143999881523,0.6842271353835546,0.27498412559794594,0.8591208609102299,0.5286505680459507,2.1557044839666117,0.3829473193329898,1.1396143999881523
arabian_sea,20,GLORYS,3209,0.8798596670806628,0.4958532570068741,0.17500159481353966,0.9165198987334147,0.4081541202074571,2.1557044839666117,0.6896540722494566,0.8798596670806628
arabian_sea,30,L0,3337,1.3034410072267688,0.9425742077544258,0.22015431048628464,0.8211264471575368,0.5825096333893139,2.2376299592553317,,
arabian_sea,30,L1,3337,1.233902980235801,0.8639136381531914,0.2646890838117708,0.8451958088955668,0.5514329905765275,2.2376299592553317,0.3643491163501035,1.233902980235801
arabian_sea,30,L2,3337,1.2862663102273342,0.8705502694873116,0.41993894898370704,0.8401616426616584,0.574834236959982,2.2376299592553317,0.3638070603597835,1.2862663102273342
arabian_sea,30,GLORYS,3337,1.0024284408799602,0.6305908507582915,0.30119050703950434,0.9046955760759695,0.44798669088858717,2.2376299592553317,0.6682989131309472,1.0024284408799602
arabian_sea,50,L0,3336,1.2233648372105237,0.8762803992077521,0.3327472197446888,0.8306061829120471,0.5795057420459855,2.1110486893388645,,
arabian_sea,50,L1,3336,1.197816836234703,0.8739605481726697,0.48254449570612334,0.8602675140773237,0.5674036995375193,2.1110486893388645,0.42335812620134194,1.197816836234703
arabian_sea,50,L2,3336,1.1424484387447607,0.8450952445155234,0.4266814628331011,0.8653940715551347,0.5411757883720585,2.1110486893388645,0.48168544331743485,1.1424484387447607
arabian_sea,50,GLORYS,3336,0.9218566429637318,0.5988174015287857,0.3492535861469217,0.9147742908487757,0.43668184804038684,2.1110486893388645,0.6942460637100258,0.9218566429637318
arabian_sea,75,L0,3339,1.3867084561716911,0.951588677455177,0.38369668799724327,0.7564519734692801,0.6864243225845561,2.020191316867085,,
arabian_sea,75,L1,3339,1.2316631635745998,0.8844677141788613,0.6154266051966202,0.8537545426392891,0.6096764961274382,2.020191316867085,0.6022414579542215,1.2316631635745998
arabian_sea,75,L2,3339,1.1256954593129656,0.8314487770151938,0.42606604584324353,0.8578532685407835,0.5572222046071831,2.020191316867085,0.6292401825712999,1.1256954593129656
arabian_sea,75,GLORYS,3339,0.9648071610339508,0.6577377941273811,0.38385221572919326,0.8989500909946202,0.47758207501365507,2.020191316867085,0.7506857694187529,0.9648071610339508
arabian_sea,100,L0,3335,1.5320103634293285,1.1027282295264877,0.4066857389337524,0.6867413979440948,0.7641754160063752,2.004788863054118,,
arabian_sea,100,L1,3335,1.1953842131347667,0.903257436539386,0.5337021513932588,0.8481077434679478,0.5962643923079785,2.004788863054118,0.6898573538418988,1.1953842131347667
arabian_sea,100,L2,3335,1.1359130693281216,0.8691892708079435,0.49201812403802636,0.8613913846167305,0.5665998501197073,2.004788863054118,0.7210533162397055,1.1359130693281216
arabian_sea,100,GLORYS,3335,0.987642208050984,0.7077796584723015,0.4165522834593825,0.8946955888314178,0.4926415076679939,2.004788863054118,0.7958142885511307,0.987642208050984
arabian_sea,125,L0,3333,1.4574873041115706,1.0840858304382852,0.3269714048714802,0.684003296451917,0.7531701167524308,1.9351369255010562,,
arabian_sea,125,L1,3333,1.0901627746765858,0.8531528564513715,0.4284855285244778,0.8565842922991613,0.5633517506231839,1.9351369255010562,0.7084589258825713,1.0901627746765858
arabian_sea,125,L2,3333,1.0880621367875427,0.84659405723754,0.5175431488362187,0.8709524948880815,0.5622662264613734,1.9351369255010562,0.7409419733262073,1.0880621367875427
arabian_sea,125,GLORYS,3333,0.9418888910400967,0.6979080491732195,0.4280705268067052,0.901126089505121,0.48672984253877416,1.9351369255010562,0.8083894955644425,0.9418888910400967
arabian_sea,150,L0,3331,1.281246943579916,0.9574676421588705,0.16780851124602852,0.7264448393379151,0.6934121469240326,1.847742283234453,,
arabian_sea,150,L1,3331,0.9836767076315774,0.7855773712461527,0.2914201927159396,0.8646558267380778,0.532366833057293,1.847742283234453,0.6735486136036904,0.9836767076315774
arabian_sea,150,L2,3331,0.9715368093005743,0.7623977410990568,0.3951046886327704,0.8776688721812014,0.5257967077529392,1.847742283234453,0.7192895522438265,0.9715368093005743
arabian_sea,150,GLORYS,3331,0.8483524537034208,0.637457915171039,0.369170743953817,0.9105604823896254,0.45912920941463164,1.847742283234453,0.8025060909594937,0.8483524537034208
arabian_sea,200,L0,3326,0.9797057348989625,0.7297331850560475,-0.04301640681617438,0.8360517721963608,0.5522977614576288,1.7738723624613564,,
arabian_sea,200,L1,3326,0.8488196151278142,0.6565779885736798,0.014773232221488162,0.8878239938856645,0.4785122273115666,1.7738723624613564,0.5095359692346679,0.8488196151278142
arabian_sea,200,L2,3326,0.7876331866156266,0.6100825666276879,0.12158701976283823,0.8995136069292674,0.44401908687654246,1.7738723624613564,0.6117303857372379,0.7876331866156266
arabian_sea,200,GLORYS,3326,0.7050109105159258,0.5294944286946275,0.2156922756905599,0.9258252869778922,0.39744173562616425,1.7738723624613564,0.7450577520483961,0.7050109105159258
arabian_sea,300,L0,3314,0.8600837494587505,0.624857417009601,0.08384284340444871,0.8289540887701673,0.5619939938335557,1.5304144864464142,,
arabian_sea,300,L1,3314,0.7793350762569236,0.5922844056686819,0.22231457156019385,0.8730198324521152,0.5092313769627997,1.5304144864464142,0.49145600374109477,0.7793350762569236
arabian_sea,300,L2,3314,0.7387113149780534,0.5479713125520449,0.1760791712695677,0.883690312070473,0.48268709001397614,1.5304144864464142,0.5511314867530018,0.7387113149780534
arabian_sea,300,GLORYS,3314,0.6202716217573556,0.43870781159026573,0.11558668137425832,0.9176481715389172,0.4052964914084233,1.5304144864464142,0.7184551224015455,0.6202716217573556
arabian_sea,500,L0,3275,0.41353902098740314,0.3153872850320792,0.13761004682094788,0.8153118083919711,0.6299016165587653,0.6565136683512907,,
arabian_sea,500,L1,3275,0.4181293443809514,0.34473801033545176,0.253927592993115,0.8833398473359557,0.6368935858273961,0.6565136683512907,0.5360325807394195,0.4181293443809514
arabian_sea,500,L2,3275,0.3903421247044746,0.30249230517125314,0.19881752175678816,0.8721488311986417,0.5945681613678275,0.6565136683512907,0.5184974299987237,0.3903421247044746
arabian_sea,500,GLORYS,3275,0.32498514209517493,0.23495299797718738,0.09758729359088723,0.8946701828772234,0.49501656669435895,0.6565136683512907,0.6737371702034838,0.32498514209517493
arabian_sea,700,L0,3245,0.34466760880523234,0.2568688708484782,0.07109840835094915,0.7562496768463672,0.6887721562029792,0.5004087428639606,,
arabian_sea,700,L1,3245,0.2749832643460746,0.21485031041828823,0.10401657857306748,0.8631726691564169,0.5495173061371363,0.5004087428639606,0.6579252588283057,0.2749832643460746
arabian_sea,700,L2,3245,0.30225400255222035,0.23212650231988505,0.1237538756911052,0.8453085659480265,0.6040142320902456,0.5004087428639606,0.5838955999682699,0.30225400255222035
arabian_sea,700,GLORYS,3245,0.29459048962029033,0.216344882764373,0.06481479528665438,0.8443223038846356,0.5886997256168577,0.5004087428639606,0.6347165134669389,0.29459048962029033
arabian_sea,1000,L0,1801,0.27798235570446456,0.2080795717497167,0.12987446653914825,0.8103724128470657,0.6744216524980201,0.41217887159291733,,
arabian_sea,1000,L1,1801,0.2744713476255807,0.22080558238662487,0.14437480622257207,0.825925072386929,0.6659034864277528,0.41217887159291733,0.45286686097498713,0.2744713476255807
arabian_sea,1000,L2,1801,0.2859689894338298,0.2283923707564151,0.1720989718295169,0.8418964897155639,0.6937982733774454,0.41217887159291733,0.45262083153492816,0.2859689894338298
arabian_sea,1000,GLORYS,1801,0.28602599265468875,0.211897311473597,0.08168250230615785,0.7945983564128525,0.6939365706672571,0.41217887159291733,0.5151290971390091,0.28602599265468875
bay_of_bengal,0,L0,84,0.4596769416337408,0.3553215585182247,-0.04050429611363234,0.8482282772758142,0.5331987263224908,0.8621118523747517,,
bay_of_bengal,0,L1,84,0.3592568601313326,0.28785089747866066,-0.07888715493293554,0.9140091664849458,0.416717226589256,0.8621118523747517,0.6546905553017878,0.3592568601313326
bay_of_bengal,0,L2,84,0.4041239688546495,0.3072913947968659,-0.09249935741382805,0.9041317223524697,0.4687604836210751,0.8621118523747517,0.5847232023867355,0.4041239688546495
bay_of_bengal,0,GLORYS,84,0.2642216393140771,0.1990966613498768,0.023168848558316475,0.952566670345972,0.30648185451372556,0.8621118523747517,0.8218561442068497,0.2642216393140771
bay_of_bengal,5,L0,925,0.4608336255328915,0.3664268966050754,-0.09152854624618229,0.8634093342348369,0.5193390057111342,0.8873464547533244,,
bay_of_bengal,5,L1,925,0.3517319922537716,0.27636613983565556,-0.10956359187129357,0.9286391698915147,0.3963863160433209,0.8873464547533244,0.6910341144222178,0.3517319922537716
bay_of_bengal,5,L2,925,0.34294780258750174,0.26572904268645675,-0.08035240294560198,0.9307921211656917,0.3864869248650333,0.8873464547533244,0.680625543132909,0.34294780258750174
bay_of_bengal,5,GLORYS,925,0.21521255158038846,0.16128408688723317,-0.025539569404776554,0.9705938598846292,0.24253497653316924,0.8873464547533244,0.8810766101108388,0.21521255158038846
bay_of_bengal,10,L0,1090,0.4622535952756017,0.36022280589920747,-0.0629951620440879,0.8829707762753938,0.4810414347544781,0.9609434071132238,,
bay_of_bengal,10,L1,1090,0.34904954367287594,0.2693620600674329,-0.08404728845496527,0.9396442943333366,0.3632363166125026,0.9609434071132238,0.6903258498538362,0.34904954367287594
bay_of_bengal,10,L2,1090,0.3435913805641508,0.25960316703846376,-0.0438467491768783,0.9402162326094463,0.35755631187099335,0.9609434071132238,0.6742134439439765,0.3435913805641508
bay_of_bengal,10,GLORYS,1090,0.21892247357254535,0.15757625107383527,-0.008084122965087438,0.9737858861044972,0.22782036064976163,0.9609434071132238,0.878557461275461,0.21892247357254535
bay_of_bengal,20,L0,1093,0.4877612405534222,0.35940812720948123,0.02433078257455481,0.8491897112814263,0.5486708645971143,0.8889869537934775,,
bay_of_bengal,20,L1,1093,0.40622217819909107,0.28811099872708285,0.04051881653201866,0.9020781612342204,0.4569495384219794,0.8889869537934775,0.5655165958496198,0.40622217819909107
bay_of_bengal,20,L2,1093,0.41067116771139506,0.2934838950168089,0.07064856930387733,0.904412799100941,0.4619540995050406,0.8889869537934775,0.5768737571127524,0.41067116771139506
bay_of_bengal,20,GLORYS,1093,0.3210321726721539,0.19914252566842308,0.07527735811058146,0.937648851436873,0.36112135425862907,0.8889869537934775,0.7718336350335043,0.3210321726721539
bay_of_bengal,30,L0,1101,0.7344476117706683,0.45268490023624697,0.12708911900368358,0.6631096219686751,0.7760428322288042,0.9464008702474914,,
bay_of_bengal,30,L1,1101,0.6285111948385904,0.3820953322621544,0.1570581175160646,0.7706900253483416,0.6641067380614619,0.9464008702474914,0.5715040864976502,0.6285111948385904
bay_of_bengal,30,L2,1101,0.6247527058330805,0.3920198737565688,0.17820523865741186,0.7813958113082804,0.6601353881571376,0.9464008702474914,0.5613201470705107,0.6247527058330805
bay_of_bengal,30,GLORYS,1101,0.5404395236950614,0.30535869244294966,0.18485674778316405,0.8438959453667333,0.5710471542082713,0.9464008702474914,0.7170147009594373,0.5404395236950614
bay_of_bengal,50,L0,1114,1.3104742224273738,0.7979140235769483,0.34749270348081013,0.46761018286481776,0.9171433589163762,1.428865192869876,,
bay_of_bengal,50,L1,1114,1.0021998790832696,0.6553790454686937,0.34195363737671164,0.7598638632972459,0.7013956838505885,1.428865192869876,0.6798889697390561,1.0021998790832696
bay_of_bengal,50,L2,1114,0.9499368046691611,0.6602302686963408,0.39107101752885925,0.8014085703636855,0.664819053196483,1.428865192869876,0.7292636325322285,0.9499368046691611
bay_of_bengal,50,GLORYS,1114,0.9145955657288782,0.6042842530265271,0.4375320982363736,0.8422400321326995,0.6400852720695875,1.428865192869876,0.7831849713485631,0.9145955657288782
bay_of_bengal,75,L0,1130,1.9419139658814673,1.3612160346922644,0.48477223296232524,0.558266743888584,0.8568282209194596,2.2663982330059174,,
bay_of_bengal,75,L1,1130,1.3097467167425045,0.9528338629310134,0.4685669694506499,0.8449292109913904,0.577897872345846,2.2663982330059174,0.7666009329023955,1.3097467167425045
bay_of_bengal,75,L2,1130,1.2816478722513365,0.9643476281726078,0.5666199799098733,0.8640333051638908,0.5654998550504033,2.2663982330059174,0.7917477053898366,1.2816478722513365
bay_of_bengal,75,GLORYS,1130,1.3449252330485881,0.9979669045858067,0.8442135669870695,0.8900489214936503,0.5934196442011949,2.2663982330059174,0.8308458938706456,1.3449252330485881
bay_of_bengal,100,L0,1132,2.123283862235879,1.5994237595133938,0.4018811737079692,0.542043659885835,0.856610325724769,2.4787044919630064,,
bay_of_bengal,100,L1,1132,1.446651438642844,1.124055922595127,0.6280137771099829,0.8537773998204213,0.5836320720495288,2.4787044919630064,0.7871027046907427,1.446651438642844
bay_of_bengal,100,L2,1132,1.3502818748405612,1.0469268895425647,0.4978549470520545,0.8623616691893101,0.5447530672650726,2.4787044919630064,0.8010745550611005,1.3502818748405612
bay_of_bengal,100,GLORYS,1132,1.4308179393574068,1.0910038664613608,0.9218024163176046,0.8975715997262886,0.5772442596512474,2.4787044919630064,0.853685240023952,1.4308179393574068
bay_of_bengal,125,L0,1133,1.889167091991159,1.475808029207778,0.34397446363950296,0.5298802100506118,0.8636921633430731,2.187315309981283,,
bay_of_bengal,125,L1,1133,1.4652223273884781,1.170800000553154,0.7432851814255852,0.8166114399401282,0.669872478239553,2.187315309981283,0.7334448508819046,1.4652223273884781
bay_of_bengal,125,L2,1133,1.2564999129007963,0.9742614523264806,0.44775768584805903,0.8437582088511277,0.5744484607075457,2.187315309981283,0.7789187738261969,1.2564999129007963
bay_of_bengal,125,GLORYS,1133,1.2195468372401943,0.932712735758237,0.6539887555621702,0.8866471999886424,0.557554199742071,2.187315309981283,0.8413042649679651,1.2195468372401943
bay_of_bengal,150,L0,1133,1.4761790117575402,1.1742724563388112,0.3100280611746834,0.547038898153749,0.8576882958618136,1.7211136247047198,,
bay_of_bengal,150,L1,1133,1.2868861683352109,1.0473213874668934,0.7351751425492148,0.7935198850499159,0.7477055261566438,1.7211136247047198,0.6918498455641129,1.2868861683352109
bay_of_bengal,150,L2,1133,1.0243041236605879,0.8087230882808992,0.3989528822026575,0.8365739036157788,0.5951403259830221,1.7211136247047198,0.7639517287122647,1.0243041236605879
bay_of_bengal,150,GLORYS,1133,0.8827275723393784,0.6741907891849843,0.329314753733676,0.8844830979818763,0.5128816364409539,1.7211136247047198,0.8319418936634952,0.8827275723393784
bay_of_bengal,200,L0,1126,0.8675394398364439,0.7117188947516674,0.3608744602807269,0.5234837088520363,0.9440983602496823,0.9189078981209212,,
bay_of_bengal,200,L1,1126,0.9219978753489346,0.7688678567422588,0.6533735052268876,0.7567562287146821,1.003362662606701,0.9189078981209212,0.6373061313943056,0.9219978753489346
bay_of_bengal,200,L2,1126,0.6808995410332148,0.5547460640732217,0.4178634727125763,0.8140343252287565,0.7409877991315443,0.9189078981209212,0.7421356972485824,0.6808995410332148
bay_of_bengal,200,GLORYS,1126,0.5144184738265006,0.4081702173100271,0.23339188854427834,0.8714913560468923,0.5598150531499808,0.9189078981209212,0.8205624614459613,0.5144184738265006
bay_of_bengal,300,L0,1126,0.3300366257079378,0.27119281468330914,0.15507233736924889,0.39667702802429555,1.0717642141790942,0.3079377174024472,,
bay_of_bengal,300,L1,1126,0.39021845033369446,0.32575718846071705,0.266650570492271,0.6315804328441468,1.2671992688174463,0.3079377174024472,0.5308134842075797,0.39021845033369446
bay_of_bengal,300,L2,1126,0.3207488814018041,0.26142764236784566,0.21283688831622088,0.6733320596773641,1.0416031011316935,0.3079377174024472,0.6119753254681334,0.3207488814018041
bay_of_bengal,300,GLORYS,1126,0.24092275287539583,0.18905043670663382,0.08702248289459905,0.7464173588868792,0.7823749390222674,0.3079377174024472,0.7097573713666121,0.24092275287539583
bay_of_bengal,500,L0,1121,0.2132262339851969,0.17005785088457534,0.10575714673287503,0.41267561862301494,1.0603746092092767,0.20108575981859855,,
bay_of_bengal,500,L1,1121,0.272419818156599,0.22741823828333152,0.1905921500781554,0.510539037014287,1.3547444553127561,0.20108575981859855,0.4096351619135618,0.272419818156599
bay_of_bengal,500,L2,1121,0.2386087838552278,0.19326922804687638,0.145575714154166,0.4689396303159554,1.1866020948996048,0.20108575981859855,0.38459645619198296,0.2386087838552278
bay_of_bengal,500,GLORYS,1121,0.1786675862259963,0.13831847308044054,0.08917819990616205,0.6917889995524094,0.8885143651503422,0.20108575981859855,0.6210840904179125,0.1786675862259963
bay_of_bengal,700,L0,1122,0.18583057419808793,0.1465051945132706,0.06778956664267788,0.3955025447888065,0.9939992341723694,0.18695243196320518,,
bay_of_bengal,700,L1,1122,0.2357070723972732,0.19186794293053663,0.13332607568942975,0.3441779291558383,1.2607863397233774,0.18695243196320518,0.24635621452322673,0.2357070723972732
bay_of_bengal,700,L2,1122,0.19452040913249966,0.1553391442027614,0.08402778752476524,0.4281214359745799,1.0404807634210609,0.18695243196320518,0.35195448877993407,0.19452040913249966
bay_of_bengal,700,GLORYS,1122,0.14657310416184105,0.11054957056941274,0.013052082474427877,0.6936652147953299,0.7840128241321228,0.18695243196320518,0.6384471233382808,0.14657310416184105
bay_of_bengal,1000,L0,1094,0.17558789666309363,0.13965353817715995,0.09431507228558117,0.429910504259774,1.0732998645393916,0.1635963093486902,,
bay_of_bengal,1000,L1,1094,0.18404898790012855,0.1469515716366736,0.06785096988203634,0.2734863471120371,1.125019192870943,0.1635963093486902,0.18750418819758416,0.18404898790012855
bay_of_bengal,1000,L2,1094,0.18774394720566828,0.14924482438589026,0.09153037377129357,0.30412863237751786,1.1476050282131343,0.1635963093486902,0.2103167609605719,0.18774394720566828
bay_of_bengal,1000,GLORYS,1094,0.16199711930320917,0.12454734595414894,0.07635216481457244,0.631155811702737,0.9902247792028578,0.1635963093486902,0.5613520071007216,0.16199711930320917
