channel,nrt_key,region,n_days,n_common,ref_coverage,nrt_coverage,common_coverage,bias,rmsd,mae,correlation_daily_median,std_ratio,grad_ratio,sigma_train,rmsd_over_sigma,abs_bias_over_sigma,compatibility_band,band_reason,n_days_available,n_days_attempted,ref_mean,nrt_mean,ref_std,nrt_std,correlation_daily_min,std_ratio_daily_median,ref_grad_mean,nrt_grad_mean,ref_grad_p95,nrt_grad_p95
sst,sst_nrt,full_nio,168,1979376,0.993842260649515,0.993842260649515,0.993842260649515,-0.06885837971951021,0.3354805441692818,0.2419659840163436,0.9749377704296036,1.0129657848878626,0.915849345389335,1.7284959723568327,0.1940881260555375,0.0398371652701167,USABLE_WITH_CAVEAT,r=0.194 b=0.040 rho=0.9749 q=1.013,168,168,28.789308642826597,28.720450263107086,1.4811620224760629,1.500366450643559,0.8819096820012644,1.0069088657243122,0.17561529114293992,0.16083714943361901,0.49922688389053027,0.47190377040349557
sst,sst_nrt,arabian_sea,168,880320,0.9952516619183285,0.9952516619183285,0.9952516619183285,-0.11711986283592239,0.3653234861486462,0.26019721774380977,0.9718992780166253,1.0109955426084418,0.9613707038562995,1.7284959723568327,0.21135339161393682,0.06775825035694329,USABLE_WITH_CAVEAT,r=0.211 b=0.068 rho=0.9719 q=1.011,168,168,28.166547155558955,28.04942729272303,1.5222754614332263,1.5390137061312008,0.9088901022934411,0.9982258503545682,0.19606817709185242,0.18849420141461576,0.6007414036759028,0.5857811263394748
sst,sst_nrt,bay_of_bengal,168,677544,0.9928606597735106,0.9928606597735106,0.9928606597735106,0.000728178077634844,0.289238124952517,0.21431340141618951,0.8296424022517465,0.9567316087039137,0.8334897200685024,1.7284959723568327,0.16733514545488704,0.0004212784347087377,MARGINAL,r=0.167 b=0.000 rho=0.8296 q=0.957,168,168,29.305518653426894,29.306246831504534,0.6303139506059069,0.6030412799517085,0.4739554558515202,0.947447324582787,0.13457408047623284,0.11216611266461143,0.32236880555953623,0.26982219579283706
sss,sss_nrt_smos,full_nio,100,47217,0.9834668916069169,0.023712116647586913,0.023712116647586913,0.2532460131695835,0.857557793371491,0.6766295893853139,0.27464396565153204,2.0782196508118718,4.689745265146725,1.9515460291960383,0.4394248357671439,0.1297668665667656,INCOMPATIBLE_RAW,r=0.439 b=0.130 rho=0.2746 q=2.078,168,168,36.0267215251246,36.27996753829419,0.4376929107015931,0.9096220080410966,-0.7065380368339994,3.093020626300547,0.10859298466144018,0.5092734356441401,0.26236891424772435,1.017037917050476
sss,sss_nrt_smos,arabian_sea,68,26074,0.9895536562203231,0.029480396147062812,0.029480396147062812,0.2826585440774966,0.9079028146295781,0.7201367082752964,0.19912424088751765,2.501763185187556,5.197703550011389,1.9515460291960383,0.465222342208141,0.14483826660954596,INCOMPATIBLE_RAW,r=0.465 b=0.145 rho=0.1991 q=2.502,168,168,36.213042949179965,36.49570149325746,0.3490591312699357,0.8732632840646756,-0.42602218690235644,3.350559040270788,0.10268747388886841,0.5337390475738731,0.2525809876203836,1.0805258263039084
sss,sss_nrt_smos,bay_of_bengal,0,0,0.9822747415066468,0.0,0.0,,,,,,,1.9515460291960383,,,INCOMPATIBLE_RAW,no common valid support,168,168,,,,,,,,,,
sss,sss_nrt_smap,full_nio,7,44122,0.983466891606917,0.5316864493583178,0.5316864493583178,-1.3699015055383184,2.7144133289212147,1.5769153949783286,0.8560006291150956,2.0471184411950905,4.008864433486754,1.9515460291960383,1.3909040772353436,0.7019570561206107,INCOMPATIBLE_RAW,r=1.391 b=0.702 rho=0.8560 q=2.047,7,7,34.87909417401836,33.50919266848004,1.8090793017583533,3.7033996002138627,0.8437834791431966,2.0737776323298442,0.09722669798902557,0.3897686515535627,0.231290422399786,1.1162128022738866
sss,sss_nrt_smap,arabian_sea,7,21864,0.9895536562203231,0.5932437932437933,0.5932437932437933,-0.4576124776164298,1.1216400020015613,0.7555684531908353,0.6668051759343532,2.1676744025983754,3.0473763572423223,1.9515460291960383,0.5747443233320169,0.2344871557064675,INCOMPATIBLE_RAW,r=0.575 b=0.234 rho=0.6668 q=2.168,7,7,36.08135170673565,35.623739229119224,0.5924695269365682,1.2842810278599675,0.4746037217564719,2.448850952429707,0.09339470972211938,0.28460883029869627,0.22361665358877275,0.6955007314682007
sss,sss_nrt_smap,bay_of_bengal,7,11806,0.9822747415066468,0.41520714637405925,0.41520714637405925,-3.1830077776964614,4.582398597394482,3.2335899012100486,0.655027217268738,3.54639631262652,6.152402237196778,1.9515460291960383,2.348086352481398,1.631018551485428,INCOMPATIBLE_RAW,r=2.348 b=1.631 rho=0.6550 q=3.546,7,7,32.73360821454783,29.55060043685137,1.1054326244838715,3.9203021833266583,0.4418303457326944,3.928607177337852,0.0991117353369596,0.6097752622195652,0.22207211776204397,1.5389248728752136
sla,sla_nrt,full_nio,168,1983576,0.9964571910586251,0.9973007169970478,0.9959510754955716,0.0022502941152746352,0.029068946525878273,0.01982124340080743,0.9584910254887475,1.0320092705001338,1.0494900057477672,0.09596587351728572,0.3029092057463768,0.02344889941390784,MARGINAL,r=0.303 b=0.023 rho=0.9585 q=1.032,168,168,0.11151385526695223,0.11376414938222686,0.09951947579923098,0.10270502162012009,0.9327782344221464,1.0337002784304774,0.018794365762350752,0.01972449903195513,0.051726507613691804,0.05539122242114195
sla,sla_nrt,arabian_sea,168,881832,0.9969610636277302,0.9981006647673316,0.9969610636277302,-0.0010359735754656213,0.02565839440935028,0.017499141729944025,0.9620186507571258,1.0233009210662254,1.0546651173952737,0.09596587351728572,0.26736998756884756,0.010795228944370709,MARGINAL,r=0.267 b=0.011 rho=0.9620 q=1.023,168,168,0.09818813614724801,0.09715216257178239,0.08872614533297246,0.0907935462418865,0.9311050357784155,1.034937942583273,0.019324924429736042,0.020381323692342353,0.055993782082871715,0.06041728536765215
sla,sla_nrt,bay_of_bengal,168,679224,0.9965534219596257,0.9963072378138846,0.9953225012309209,0.005961729009870087,0.03288316980997705,0.022312158470548744,0.9472487706167052,1.0389534833017025,1.0450268535328406,0.09596587351728572,0.34265482722932766,0.06212342774951388,MARGINAL,r=0.343 b=0.062 rho=0.9472 q=1.039,168,168,0.13786157420085274,0.1438233032107228,0.10098427090448542,0.10491796001489788,0.8866571225610269,1.0397849476901864,0.02069770640660635,0.021629659001442352,0.04937561885321848,0.05220887777255054
current_u,currents_nrt,full_nio,56,630892,0.9538591311682836,0.9516343315056938,0.950310297041634,-0.00523194279077167,0.11566588066872349,0.06773689686080396,0.910783013122642,0.986511094455193,0.9926568814991206,0.22411585679282994,0.5160986033025038,0.023344813105339604,INCOMPATIBLE_RAW,r=0.516 b=0.023 rho=0.9108 q=0.987,56,56,0.045384002434529426,0.04015205964375776,0.2638618424286057,0.2603026349592075,0.7521041157619955,0.9916927563501632,0.0830380206352886,0.08242826260968521,0.2280644826275342,0.23289572952854837
current_u,currents_nrt,arabian_sea,56,285292,0.9699905033238367,0.9686372269705602,0.9676163342830011,-0.00017086256312376556,0.078644861571269,0.04870795933094098,0.9599007745152606,0.9494415761163919,0.9389181216206305,0.22411585679282994,0.3509116342623065,0.0007623849805581088,MARGINAL,r=0.351 b=0.001 rho=0.9599 q=0.949,56,56,0.05913963323204226,0.058968770668918494,0.2572094915183712,0.2442053850192981,0.8265386622914799,0.9467966873692597,0.07783748549111258,0.0730830256689885,0.24261525492829852,0.22700815993624407
current_u,currents_nrt,bay_of_bengal,56,215626,0.950516986706056,0.9488816205950624,0.9479232608848562,-0.011919827524192371,0.12928028983467954,0.07897629535332709,0.8949488125632031,0.9863634340053117,0.9779132091470407,0.22411585679282994,0.5768457961195701,0.053186006982142806,INCOMPATIBLE_RAW,r=0.577 b=0.053 rho=0.8949 q=0.986,56,56,0.02614398253429868,0.014224155010106303,0.2623691815625015,0.2587913669031521,0.7022796335865575,0.9874247148461451,0.08941998218860746,0.08744498174393234,0.20313434594577248,0.21212839759691393
current_v,currents_nrt,full_nio,56,630892,0.9538591311682836,0.9516343315056938,0.950310297041634,0.001449748865793864,0.1166166074188505,0.07344284140358814,0.9062673298623061,1.0322078794805227,1.0627719375315055,0.20805755273703222,0.5605016779479493,0.006968018448367641,INCOMPATIBLE_RAW,r=0.561 b=0.007 rho=0.9063 q=1.032,56,56,0.007565942239143093,0.009015691104936956,0.2420939815836836,0.24989131536549078,0.593520910497423,1.025356250693258,0.07788522181418354,0.08277422809253092,0.20676969094807326,0.22164902737815023
current_v,currents_nrt,arabian_sea,56,285292,0.9699905033238367,0.9686372269705602,0.9676163342830011,0.0048739172793877275,0.08757753125935343,0.05502654730045754,0.9466095530328957,0.9954219393332001,1.0306248624903418,0.20805755273703222,0.4209293539564232,0.02342581278723374,MARGINAL,r=0.421 b=0.023 rho=0.9466 q=0.995,56,56,0.0035944676469111154,0.008468384926298842,0.23018287231582837,0.22912908116190825,0.5929352198118326,0.9950544021289605,0.07457280285962618,0.07685658469272161,0.21647901426629637,0.21782869962877197
current_v,currents_nrt,bay_of_bengal,56,215626,0.950516986706056,0.9488816205950624,0.9479232608848562,-0.0019196197416771759,0.1321063213472597,0.08415791796029023,0.8489214671509191,1.0488645037037116,1.0587024981196163,0.20805755273703222,0.6349508566710448,0.00922638816243032,INCOMPATIBLE_RAW,r=0.635 b=0.009 rho=0.8489 q=1.049,56,56,0.02458229176429707,0.02266267202261989,0.23039999688831478,0.241658378389599,0.5861420769367383,1.0432746445081615,0.08134285192596294,0.086117880538191,0.18052099410082117,0.20306174013509423
wind_u,wind_nrt,full_nio,168,1991640,1.0,1.0,1.0,0.059838731465969464,0.7443272656959545,0.5723227994643756,0.9694964822190524,1.004725067253715,1.152225284939594,4.708715436535916,0.1580743784006488,0.012708079787890373,USABLE_WITH_CAVEAT,r=0.158 b=0.013 rho=0.9695 q=1.005,168,168,2.4846921642405837,2.5445308957065533,4.625449708311706,4.647305269262155,0.9344178487099593,1.0099981737488053,0.3006973922962234,0.3464711385191089,0.7798719959599631,0.8874076289631102
wind_u,wind_nrt,arabian_sea,168,884520,1.0,1.0,1.0,0.08001763696738601,0.7339615341312234,0.563438679710371,0.9661234242209533,1.0028985395008556,1.1546832789064292,4.708715436535916,0.15587298574814293,0.016993517243898897,USABLE_WITH_CAVEAT,r=0.156 b=0.017 rho=0.9661 q=1.003,168,168,2.8738019045165073,2.9538195414838935,4.950923125951676,4.965273572197947,0.8546782971763495,1.0179076066837216,0.2827047584134908,0.32643445740733945,0.7298016239489827,0.845613811100852
wind_u,wind_nrt,bay_of_bengal,168,682416,1.0,1.0,1.0,0.05811007073206568,0.7421590482329181,0.5722271282081524,0.9617254587700343,1.0039393312902845,1.160169751529768,4.708715436535916,0.1576139094060239,0.012340960398918438,USABLE_WITH_CAVEAT,r=0.158 b=0.012 rho=0.9617 q=1.004,168,168,1.914113570162931,1.9722236408949965,4.516532819785541,4.534324938846119,0.745399145660262,1.0142366479231262,0.30337258073545637,0.3519636916127989,0.7819068667789301,0.871946875181407
wind_v,wind_nrt,full_nio,168,1991640,1.0,1.0,1.0,0.09858907795821416,0.7524898194467539,0.5781718814649631,0.9719791888322353,1.0131878327717223,1.244955113826026,4.363485270673345,0.17245155483947228,0.022594112697211084,USABLE_WITH_CAVEAT,r=0.172 b=0.023 rho=0.9720 q=1.013,168,168,1.4589578822939733,1.5575469602521876,4.39083874521248,4.448744392311941,0.8821440746236515,1.0273712210590582,0.2778290913750728,0.3458847480770351,0.6863470237169947,0.8462803787309855
wind_v,wind_nrt,arabian_sea,168,884520,1.0,1.0,1.0,0.1427323110844138,0.7391627689071164,0.5661651077995524,0.974802094662548,1.024223579076428,1.2496328268820862,4.363485270673345,0.16939733333694823,0.03271062057747895,USABLE_WITH_CAVEAT,r=0.169 b=0.033 rho=0.9748 q=1.024,168,168,1.1959344628673718,1.3386667739517852,4.845374828199487,4.962747148505311,0.880331662730355,1.0314695135312473,0.27501771235395045,0.34367116133151154,0.6690624042281083,0.8689814955485324
wind_v,wind_nrt,bay_of_bengal,168,682416,1.0,1.0,1.0,0.0683288990405571,0.7472595583358619,0.57358028168866,0.9482431027187009,0.9958589865459276,1.239195414408021,4.363485270673345,0.17125291183131452,0.015659248238968623,USABLE_WITH_CAVEAT,r=0.171 b=0.016 rho=0.9482 q=0.996,168,168,2.260194433104596,2.3285233321451533,3.9240698048266953,3.907820178970189,0.7700745007958019,1.0152421160511027,0.26340430558082606,0.3264094076110888,0.6349436376421225,0.7541559934264586
