group,mode,n,rmse,bias
surface_mixed_layer,COMPLETE,9442,0.6449377465131533,-0.02078282409039383
surface_mixed_layer,CURRENT_STALE_1D,9442,0.6442258712710104,-0.0216196780035455
surface_mixed_layer,CURRENT_STALE_2D,9442,0.6443157102350411,-0.022350762521862123
surface_mixed_layer,CURRENT_STALE_3D,9442,0.6442434716368104,-0.02294497752582384
surface_mixed_layer,L0,9442,0.8337313560584126,-0.1860264617810316
surface_mixed_layer,SLA_STALE_1D,9442,0.6460513248654479,-0.020415682089492827
surface_mixed_layer,SSS_ABSENT_CLIM,9442,0.6401508439975323,-0.012787007468326356
surface_mixed_layer,SSS_ABSENT_PERSIST,9442,0.6442212107143372,-0.020955385094891383
surface_mixed_layer,SSS_ABSENT_PERSIST_CURRENT_STALE_2D,9442,0.6436184849310947,-0.022383245485071084
surface_mixed_layer,WIND_STALE_1D,9442,0.6453248056957074,-0.02117876571068705
upper_thermocline,COMPLETE,14769,1.1805248420379482,0.29205314404513105
upper_thermocline,CURRENT_STALE_1D,14769,1.1804766659809782,0.2923638470787289
upper_thermocline,CURRENT_STALE_2D,14769,1.1806871681998639,0.29252136474695095
upper_thermocline,CURRENT_STALE_3D,14769,1.1816231245039561,0.2934336398612685
upper_thermocline,L0,14769,1.2674578954717834,0.16899195936864647
upper_thermocline,SLA_STALE_1D,14769,1.1784281510719754,0.291852100198036
upper_thermocline,SSS_ABSENT_CLIM,14769,1.1836125245631466,0.3071493031270554
upper_thermocline,SSS_ABSENT_PERSIST,14769,1.1802624077055375,0.29179229343628843
upper_thermocline,SSS_ABSENT_PERSIST_CURRENT_STALE_2D,14769,1.1804497919447157,0.2925203257769186
upper_thermocline,WIND_STALE_1D,14769,1.1800846955953688,0.29205640931570936
thermocline,COMPLETE,14998,1.1894435998129542,0.4689341482838099
thermocline,CURRENT_STALE_1D,14998,1.1916271126283937,0.4712511014592225
thermocline,CURRENT_STALE_2D,14998,1.1937031393029618,0.47156392056995705
thermocline,CURRENT_STALE_3D,14998,1.1975652101311274,0.47268369425482926
thermocline,L0,14998,1.6129972926356664,0.3760297193989553
thermocline,SLA_STALE_1D,14998,1.1867287323999327,0.46941023140010213
thermocline,SSS_ABSENT_CLIM,14998,1.2364827187235072,0.5235665975214655
thermocline,SSS_ABSENT_PERSIST,14998,1.1888503463307347,0.46823912102343673
thermocline,SSS_ABSENT_PERSIST_CURRENT_STALE_2D,14998,1.1930234246622438,0.4710820256805419
thermocline,WIND_STALE_1D,14998,1.1891284405300786,0.46810681041654734
intermediate,COMPLETE,14922,0.8249534683830387,0.25141372623587804
intermediate,CURRENT_STALE_1D,14922,0.8270874950689865,0.252711440631471
intermediate,CURRENT_STALE_2D,14922,0.8292916884832975,0.25318935247260593
intermediate,CURRENT_STALE_3D,14922,0.8306490051866982,0.25350955435040323
intermediate,L0,14922,1.0443662343829865,0.10611051653686607
intermediate,SLA_STALE_1D,14922,0.8245157085557341,0.25218083014128456
intermediate,SSS_ABSENT_CLIM,14922,0.8490287333784912,0.28519583791184455
intermediate,SSS_ABSENT_PERSIST,14922,0.8248769597319241,0.25121763802324804
intermediate,SSS_ABSENT_PERSIST_CURRENT_STALE_2D,14922,0.8292909411071743,0.2530892759797569
intermediate,WIND_STALE_1D,14922,0.8244224889694113,0.25087301913316146
deep,COMPLETE,12895,0.3573850075844965,0.1311792975211897
deep,CURRENT_STALE_1D,12895,0.35754866813561376,0.13162736826578586
deep,CURRENT_STALE_2D,12895,0.35833094965670403,0.13218256398440573
deep,CURRENT_STALE_3D,12895,0.35866023960336885,0.13264223991146418
deep,L0,12895,0.37153592331067065,0.08268235220182137
deep,SLA_STALE_1D,12895,0.35693493189720443,0.13120636043171824
deep,SSS_ABSENT_CLIM,12895,0.359566118543845,0.13507121284896714
deep,SSS_ABSENT_PERSIST,12895,0.3578946360481638,0.13128254989637617
deep,SSS_ABSENT_PERSIST_CURRENT_STALE_2D,12895,0.3589293155996456,0.13228064697465905
deep,WIND_STALE_1D,12895,0.3571428647279383,0.13128324369100558
