basin,depth_m,model,n,rmse,mae,bias,correlation,nrmse,truth_std
arabian_sea,0,L0_climatology,1845075,0.6699673306587846,0.4946797998403073,0.09792313569876608,0.9222907201161636,0.39118512806742767,1.7126605348435022
arabian_sea,5,L0_climatology,1845075,0.6629210334018939,0.4849661307283336,0.0984887198525339,0.92204091863792,0.39205371832908054,1.6908933710085459
arabian_sea,10,L0_climatology,1837775,0.6698230322250852,0.4877434751339239,0.09449358171832886,0.9192319182432095,0.3984343409398165,1.6811378021410608
arabian_sea,20,L0_climatology,1825000,0.706359450258174,0.504121477121585,0.07481022293381424,0.908610866904774,0.42137041587199087,1.6763384985071204
arabian_sea,30,L0_climatology,1802005,0.7926854728038488,0.5528457617322066,0.022852729879183582,0.8876400788642564,0.46346692476897017,1.7103388191055664
arabian_sea,50,L0_climatology,1771710,1.0282925488660581,0.7276699695544756,-0.09144967009443754,0.8297749079146612,0.5730666212030268,1.794368247634778
arabian_sea,75,L0_climatology,1726450,1.2451577419486675,0.9022372828733803,-0.05889323924550252,0.7787337121673443,0.6545043297293195,1.9024438577260778
arabian_sea,100,L0_climatology,1697980,1.3997462053166498,1.0442789099204912,-0.09065477196958265,0.7285612981784477,0.7060342350601967,1.9825472134468198
arabian_sea,125,L0_climatology,1692505,1.4719475092813126,1.1141229592662654,-0.2241919982549607,0.700050106758712,0.7296864105051292,2.017233003232648
arabian_sea,150,L0_climatology,1686665,1.3952046394408162,1.04570428553394,-0.2585659177662258,0.7164089266864289,0.7119096296296741,1.9598058255885416
arabian_sea,200,L0_climatology,1677540,1.0164801136502575,0.7347054636525916,-0.18646051950317158,0.8199331177005813,0.5824513227296955,1.7451760756357428
arabian_sea,300,L0_climatology,1668780,0.6574762126312408,0.4819308202571977,-0.11284221099982647,0.8926675348559097,0.4575663859853141,1.4368979732098217
arabian_sea,500,L0_climatology,1653815,0.41369632787485416,0.293125638466791,-0.07128475924309909,0.8893519319376966,0.4642521522318469,0.891102660237652
arabian_sea,700,L0_climatology,1641405,0.3781336613790563,0.2839972302277949,-0.07223666969409286,0.8646506141547556,0.5144202190537494,0.7350676497020558
arabian_sea,1000,L0_climatology,1611840,0.4250307192956199,0.31896059257912657,-0.0182873509029417,0.7809949546812808,0.6279777115121706,0.6768245297626021
arabian_sea,0,L1_mlp,1845075,0.4949812472523925,0.3524346750119259,-0.04304963706609578,0.9582336237145447,0.28901305143790357,1.7126605348435022
arabian_sea,5,L1_mlp,1845075,0.4929347660343438,0.34775517660243005,-0.028964282053347445,0.9574405289415133,0.29152327076681905,1.6908933710085459
arabian_sea,10,L1_mlp,1837775,0.5083941506547219,0.3548949251093873,-0.02718653486462718,0.9541162379383058,0.30241075419709323,1.6811378021410608
arabian_sea,20,L1_mlp,1825000,0.5816411086876008,0.3912539625556036,-0.036916743157984135,0.939416135447547,0.346971157200999,1.6763384985071204
arabian_sea,30,L1_mlp,1802005,0.6675513035304417,0.44937563594279034,-0.060462930268318296,0.9226267312755045,0.39030354458044886,1.7103388191055664
arabian_sea,50,L1_mlp,1771710,0.8300836749214826,0.5888446258780251,-0.0729429014732654,0.8891797866216736,0.4626049730960443,1.794368247634778
arabian_sea,75,L1_mlp,1726450,1.0003860526964283,0.7308885100856652,0.035103307539592496,0.8560492955648545,0.5258426148207882,1.9024438577260778
arabian_sea,100,L1_mlp,1697980,1.1155994949374457,0.8263035485921497,-0.10645915268969876,0.8368610602108146,0.5627101777807778,1.9825472134468198
arabian_sea,125,L1_mlp,1692505,1.1731071491684286,0.8826929940218234,-0.22143465788135885,0.8252763523354415,0.5815427108759899,2.017233003232648
arabian_sea,150,L1_mlp,1686665,1.1201996158775456,0.8459043901169111,-0.2012527408557386,0.827391237983316,0.5715870425791508,1.9598058255885416
arabian_sea,200,L1_mlp,1677540,0.8724046201537191,0.6382375104457897,-0.14733949969103324,0.8704544757161145,0.49989490019562327,1.7451760756357428
arabian_sea,300,L1_mlp,1668780,0.6282529150106763,0.4604970659887508,-0.0007518615470919868,0.900761245720111,0.4372286179840941,1.4368979732098217
arabian_sea,500,L1_mlp,1653815,0.427105518537533,0.3020133299101612,0.02490026108654154,0.8827148812774686,0.47930001513363946,0.891102660237652
arabian_sea,700,L1_mlp,1641405,0.3827344276983403,0.28380095404168293,-0.010953735323223853,0.8552965816989161,0.5206791889882157,0.7350676497020558
arabian_sea,1000,L1_mlp,1611840,0.42316712611667434,0.3144497235324101,-0.01733937807496557,0.7809875803601997,0.6252242752860941,0.6768245297626021
arabian_sea,0,L2_embedding,1845075,0.5043614522161594,0.35773679943362,0.12213502824392965,0.9594199513775327,0.29449002995929163,1.7126605348435022
arabian_sea,5,L2_embedding,1845075,0.5074367956714609,0.35858301090341577,0.12918841308228712,0.957969612580601,0.3000998196407834,1.6908933710085459
arabian_sea,10,L2_embedding,1837775,0.5175562783289577,0.36062283999259387,0.12500414515862704,0.955268047310666,0.3078607105674557,1.6811378021410608
arabian_sea,20,L2_embedding,1825000,0.5750690945166232,0.3902012649908192,0.13045844535197412,0.9433340396305595,0.3430506995029683,1.6763384985071204
arabian_sea,30,L2_embedding,1802005,0.6489903083027712,0.4321758774585794,0.06969221006019667,0.9263631098774885,0.37945131166593365,1.7103388191055664
arabian_sea,50,L2_embedding,1771710,0.8514352578979402,0.5895816933834697,-0.09152843461446035,0.8851349825545807,0.4745041933394931,1.794368247634778
arabian_sea,75,L2_embedding,1726450,1.07462328427197,0.7591381811017289,-0.08397025208442856,0.8495048876569924,0.5648646502275385,1.9024438577260778
arabian_sea,100,L2_embedding,1697980,1.1567280042786883,0.839183731634545,-0.05677573274803812,0.8431555515430064,0.5834554639773861,1.9825472134468198
arabian_sea,125,L2_embedding,1692505,1.1581080965390453,0.8672129827171606,-0.04979062552107461,0.8392917728395987,0.5741072522029724,2.017233003232648
arabian_sea,150,L2_embedding,1686665,1.0738777396325014,0.8117234902863618,-0.03366734700092546,0.8441217053661505,0.5479510906699185,1.9598058255885416
arabian_sea,200,L2_embedding,1677540,0.8322665239566408,0.6168310163110087,-0.009651829294751417,0.8794611989070275,0.47689544658320965,1.7451760756357428
arabian_sea,300,L2_embedding,1668780,0.6094693920490802,0.4541012722305086,-0.007412725784196305,0.9060133775155803,0.4241563447177909,1.4368979732098217
arabian_sea,500,L2_embedding,1653815,0.4076654018082017,0.28968944274427755,-0.012360822960950568,0.8900904676147081,0.457484215903339,0.891102660237652
arabian_sea,700,L2_embedding,1641405,0.38660922680077237,0.28872461859105275,-0.02367119192487511,0.8556878628490443,0.5259505393244774,0.7350676497020558
arabian_sea,1000,L2_embedding,1611840,0.4303776610452814,0.32228239929588187,0.009283818862295132,0.7753785150647355,0.6358777528294335,0.6768245297626021
bay_of_bengal,0,L0_climatology,1389190,0.4308838159035083,0.3308272715990365,-0.15296625672714528,0.9312048187774308,0.3924883117000845,1.097825853812338
bay_of_bengal,5,L0_climatology,1389190,0.4157279007464213,0.3173965612746304,-0.1467925188356911,0.9316943348870457,0.3916668467388846,1.0614324500730021
bay_of_bengal,10,L0_climatology,1368385,0.4094686605075667,0.31400339449549963,-0.15119155140058724,0.9269603715713848,0.40861705677250565,1.0020841120578459
bay_of_bengal,20,L0_climatology,1349770,0.4194142321393908,0.3215985315054312,-0.1750020183425119,0.9139724736632248,0.45156456929063965,0.9288023477976722
bay_of_bengal,30,L0_climatology,1331885,0.5092771592828484,0.38570021794684384,-0.25319334413907235,0.8551958227452771,0.6051545384169553,0.8415654629560974
bay_of_bengal,50,L0_climatology,1300130,0.9762257556164781,0.7584335300352943,-0.6610503659331436,0.6066715871393482,1.1921973278247349,0.8188457840261097
bay_of_bengal,75,L0_climatology,1259980,1.857933909384701,1.5609489035034474,-1.4360989846246979,0.6173451406949447,1.330406786132406,1.3965156587827219
bay_of_bengal,100,L0_climatology,1224210,2.382645490973539,1.9720134097525537,-1.7818459288819393,0.5782227704779626,1.263889673253045,1.885168888864326
bay_of_bengal,125,L0_climatology,1215450,2.0881067192484797,1.6680020170222305,-1.383116229378795,0.553562140480643,1.1394478987435437,1.8325600683901486
bay_of_bengal,150,L0_climatology,1208880,1.5322441193145084,1.2097187836810537,-0.8719200380511231,0.590606746222578,0.9999703580534318,1.5322895393591611
bay_of_bengal,200,L0_climatology,1195740,0.848148214901966,0.6509718701301376,-0.42124671207294073,0.6227198431251758,0.9072157646897456,0.9348913984007102
bay_of_bengal,300,L0_climatology,1182965,0.3768041407266643,0.27386367646238546,-0.1361069099305745,0.46025230529717304,0.9631877270051473,0.3912052969136832
bay_of_bengal,500,L0_climatology,1150480,0.22370973385670195,0.1742717197905142,-0.07531409214704074,0.3499819161445595,1.0276829211861247,0.21768361548570064
bay_of_bengal,700,L0_climatology,1128580,0.22089272634687002,0.16766350175497774,0.002584299186442039,0.38166544900147287,0.9297284477905478,0.2375884344206207
bay_of_bengal,1000,L0_climatology,1087335,0.20886751868546719,0.1605033403564872,0.02098822283923512,0.37113177511517553,0.9405537185310241,0.22206867568572342
bay_of_bengal,0,L1_mlp,1389190,0.4186837610310397,0.3203494854520667,-0.22246812337469904,0.9468261530037779,0.3813753880700731,1.097825853812338
bay_of_bengal,5,L1_mlp,1389190,0.4181227752890135,0.3184221451482842,-0.21678015088216354,0.9421716926517748,0.3939231132986901,1.0614324500730021
bay_of_bengal,10,L1_mlp,1368385,0.4150901238997504,0.31591230855784047,-0.21405533164434418,0.9361538995417139,0.4142268287712251,1.0020841120578459
bay_of_bengal,20,L1_mlp,1349770,0.41459447949002914,0.31380153188801874,-0.17873192690156642,0.9174177069164661,0.44637535690246044,0.9288023477976722
bay_of_bengal,30,L1_mlp,1331885,0.4414390801877037,0.336096449191186,-0.1535578992537631,0.8742983847754405,0.5245451478451804,0.8415654629560974
bay_of_bengal,50,L1_mlp,1300130,0.6017364585548807,0.4563975423116467,-0.22676723845658506,0.7529347721106308,0.7348593230782192,0.8188457840261097
bay_of_bengal,75,L1_mlp,1259980,1.0573248150150276,0.8329759668232954,-0.6155908103184972,0.8079284556991821,0.757116333329659,1.3965156587827219
bay_of_bengal,100,L1_mlp,1224210,1.3754961192219222,1.0826408529198976,-0.7648441974968546,0.7975830954578523,0.7296407909906449,1.885168888864326
bay_of_bengal,125,L1_mlp,1215450,1.2529772242634016,0.9700890591930388,-0.3637010399710255,0.7629635140496567,0.6837305067790254,1.8325600683901486
bay_of_bengal,150,L1_mlp,1208880,1.044614192584885,0.8184727710028795,-0.03453062616080459,0.7508676178454964,0.6817342060703272,1.5322895393591611
bay_of_bengal,200,L1_mlp,1195740,0.6581416454377321,0.5167486365139605,0.03651288648023868,0.7485387841258693,0.7039765758499807,0.9348913984007102
bay_of_bengal,300,L1_mlp,1182965,0.31156735759101334,0.23750762473467657,0.009555232398326011,0.636692651109124,0.796429291855316,0.3912052969136832
bay_of_bengal,500,L1_mlp,1150480,0.19622698461146348,0.1537805534672323,0.02203040891819917,0.512148595517736,0.9014320355422127,0.21768361548570064
bay_of_bengal,700,L1_mlp,1128580,0.22858696207162024,0.17563634236142583,0.06638160437454578,0.427558801763506,0.9621131711610824,0.2375884344206207
bay_of_bengal,1000,L1_mlp,1087335,0.21315551000894142,0.167077619968335,0.02629700753814685,0.3511225469076586,0.9598630214312797,0.22206867568572342
bay_of_bengal,0,L2_embedding,1389190,0.3443329352144647,0.25890744455934883,-0.05195067825168828,0.9533077868702581,0.31364986898306807,1.097825853812338
bay_of_bengal,5,L2_embedding,1389190,0.3442972605555305,0.25942425547133774,-0.02765932251501672,0.9488758894309786,0.32437039260656747,1.0614324500730021
bay_of_bengal,10,L2_embedding,1368385,0.34504844482494773,0.2571179981437125,-0.029689001371294738,0.9424232993058144,0.34433082080941085,1.0020841120578459
bay_of_bengal,20,L2_embedding,1349770,0.3640188246231038,0.2713645319543182,-0.02284269373354247,0.9237544488798116,0.3919228084276986,0.9288023477976722
bay_of_bengal,30,L2_embedding,1331885,0.41161293516226577,0.3083452397192795,-0.04798618917970849,0.8769512661512546,0.4891038823247654,0.8415654629560974
bay_of_bengal,50,L2_embedding,1300130,0.6010035903467366,0.44803861775700193,-0.18217767845749172,0.7361927387660561,0.7339643215743453,0.8188457840261097
bay_of_bengal,75,L2_embedding,1259980,0.9523153295729588,0.7348282669512917,-0.4277458533586988,0.8194247171832462,0.6819224142485076,1.3965156587827219
bay_of_bengal,100,L2_embedding,1224210,1.171175738398708,0.9225735146674148,-0.5042815961685758,0.8404982315075333,0.6212577267303908,1.885168888864326
bay_of_bengal,125,L2_embedding,1215450,1.0801530511795632,0.8364310003907469,-0.22811564757186958,0.8224867351300215,0.5894229989025389,1.8325600683901486
bay_of_bengal,150,L2_embedding,1208880,0.9263740420755,0.7123600685724527,0.0064672237873854045,0.8000752318393899,0.6045685350452311,1.5322895393591611
bay_of_bengal,200,L2_embedding,1195740,0.5902379085751115,0.4510167650436993,0.04837823500275231,0.7779323975352632,0.6313438219506706,0.9348913984007102
bay_of_bengal,300,L2_embedding,1182965,0.31161320725050246,0.2359187622664948,0.06024979043642423,0.630030556890838,0.7965464928744505,0.3912052969136832
bay_of_bengal,500,L2_embedding,1150480,0.21687119727310472,0.1723867615006926,0.03654793897025355,0.40240327425486383,0.9962678945276463,0.21768361548570064
bay_of_bengal,700,L2_embedding,1128580,0.23241674383243366,0.18301469461645098,0.0608528378778016,0.3892826158306112,0.97823256590415,0.2375884344206207
bay_of_bengal,1000,L2_embedding,1087335,0.205428075377874,0.16051918850949654,0.06575829392570934,0.4858962567629238,0.9250655219316047,0.22206867568572342
