region,depth_m,pair,ci_lo,ci_hi
whole_nio,0,N-L0,-0.1944678096517698,-0.1646141762239827
whole_nio,0,N-R,-0.0024946351318094777,0.008711108121945647
whole_nio,0,R-L0,-0.1982129464508897,-0.16660987306562922
whole_nio,5,N-L0,-0.18966578244728435,-0.16224618836522872
whole_nio,5,N-R,-0.0025651090159072992,0.00714755620977144
whole_nio,5,R-L0,-0.1938180417011327,-0.1615876695151156
whole_nio,10,N-L0,-0.19327368944723283,-0.16929868793585892
whole_nio,10,N-R,-0.0030269020531452917,0.006931469984805116
whole_nio,10,R-L0,-0.19998929059101442,-0.1683331353659676
whole_nio,20,N-L0,-0.18820451308410557,-0.1622731209241331
whole_nio,20,N-R,-0.00356089813534409,0.005502791951851315
whole_nio,20,R-L0,-0.18928539716995846,-0.16150706648366772
whole_nio,30,N-L0,-0.2048559727279139,-0.17904063008584498
whole_nio,30,N-R,-0.004401543453120596,0.006575076622722663
whole_nio,30,R-L0,-0.2069797285825769,-0.18087832806929072
whole_nio,50,N-L0,-0.3069492970315698,-0.27205625922932647
whole_nio,50,N-R,-0.026853360246866957,-0.002685257851708075
whole_nio,50,R-L0,-0.2924543258777934,-0.25540012677548524
whole_nio,75,N-L0,-0.41495840448536575,-0.3718239030331059
whole_nio,75,N-R,-0.021080274002327603,0.01186552276038612
whole_nio,75,R-L0,-0.40958989072021373,-0.37018365748202087
whole_nio,100,N-L0,-0.39411889939285655,-0.3124212683618252
whole_nio,100,N-R,0.03250511290891651,0.062429682544702034
whole_nio,100,R-L0,-0.4446371855586288,-0.35846078449603447
whole_nio,125,N-L0,-0.3106480212480322,-0.20282802562049781
whole_nio,125,N-R,0.04153296596320565,0.06983136125392878
whole_nio,125,R-L0,-0.3681039889535891,-0.25924141321434074
whole_nio,150,N-L0,-0.20925965907964847,-0.11474318136496375
whole_nio,150,N-R,0.03482214180168765,0.05434285916792837
whole_nio,150,R-L0,-0.25517874485523345,-0.15457979984850015
whole_nio,200,N-L0,-0.06693556910092745,-0.014997660042251391
whole_nio,200,N-R,0.014091644812579114,0.024531110897664334
whole_nio,200,R-L0,-0.08179058125498166,-0.035738388471800754
whole_nio,300,N-L0,-0.024343843291669567,-0.00526983508128675
whole_nio,300,N-R,-0.0014587538663653587,0.0034136524592563414
whole_nio,300,R-L0,-0.024873455412473468,-0.006624636513244679
whole_nio,500,N-L0,-0.009105531604524963,-0.0004428161686856925
whole_nio,500,N-R,-0.006558954318866242,-0.0027348475932077194
whole_nio,500,R-L0,-0.005040028802337252,0.005236901373141535
whole_nio,700,N-L0,-0.005372155155632143,-1.3085243779605373e-06
whole_nio,700,N-R,-0.004909016013162503,-0.0019693848438414904
whole_nio,700,R-L0,-0.0019216605818510645,0.00365471116944929
whole_nio,1000,N-L0,-0.013954361369826588,-0.009112176477960256
whole_nio,1000,N-R,-0.006682890979412171,-0.0036979069154509272
whole_nio,1000,R-L0,-0.008503462448483368,-0.004626936441683828
arabian_sea,0,N-L0,-0.24373020705971082,-0.1961266148390175
arabian_sea,0,N-R,0.006485125862529442,0.018610820130401124
arabian_sea,0,R-L0,-0.2590460175552981,-0.20795830730054746
arabian_sea,5,N-L0,-0.24245235178148092,-0.19824484556595248
arabian_sea,5,N-R,0.004294237572167342,0.016660931830701508
arabian_sea,5,R-L0,-0.25807088498551395,-0.20424495898037776
arabian_sea,10,N-L0,-0.24462198782956604,-0.20138340847027658
arabian_sea,10,N-R,0.0038820472518268255,0.016681382524482764
arabian_sea,10,R-L0,-0.2586431193405454,-0.20722868179655654
arabian_sea,20,N-L0,-0.22698005517795194,-0.1833351612111329
arabian_sea,20,N-R,0.0002735906430868158,0.013429438384312353
arabian_sea,20,R-L0,-0.23753855673119476,-0.18799578721676122
arabian_sea,30,N-L0,-0.24314066644830548,-0.2066383058661957
arabian_sea,30,N-R,-0.0007677486170922038,0.013051212646481099
arabian_sea,30,R-L0,-0.25175440340125926,-0.2099803264800427
arabian_sea,50,N-L0,-0.31102229410916077,-0.26916333739005216
arabian_sea,50,N-R,-0.02424320020846365,-7.148269498345337e-05
arabian_sea,50,R-L0,-0.30343781711041795,-0.25196505498898847
arabian_sea,75,N-L0,-0.32376664827337653,-0.2713084350549605
arabian_sea,75,N-R,-0.03167786549498412,0.003983835607534278
arabian_sea,75,R-L0,-0.31321739154900197,-0.25663597910022523
arabian_sea,100,N-L0,-0.2517968278277187,-0.1792095928406575
arabian_sea,100,N-R,0.004741320055614535,0.034640296151906703
arabian_sea,100,R-L0,-0.26529351929251904,-0.19945173977454667
arabian_sea,125,N-L0,-0.14823670100705158,-0.06710784688082627
arabian_sea,125,N-R,0.010374734440730693,0.0438963658570871
arabian_sea,125,R-L0,-0.17821213410692435,-0.09406303490796089
arabian_sea,150,N-L0,-0.09957448023735242,-0.017849306501127298
arabian_sea,150,N-R,0.008574741974450063,0.039103675352732
arabian_sea,150,R-L0,-0.12489009190300537,-0.0439790549296183
arabian_sea,200,N-L0,-0.06695625535813889,-0.003939927011731368
arabian_sea,200,N-R,0.0012213365019624835,0.01896093874507188
arabian_sea,200,R-L0,-0.07743650039383536,-0.013518719377784164
arabian_sea,300,N-L0,-0.0028531753711805133,0.02048225793586765
arabian_sea,300,N-R,0.0014212251455868435,0.00864881575405966
arabian_sea,300,R-L0,-0.008693456280405335,0.014541676129940305
arabian_sea,500,N-L0,3.2391364909825645e-05,0.00618296316168084
arabian_sea,500,N-R,-0.002048814866907124,0.0015316348646957209
arabian_sea,500,R-L0,0.0003458309747764205,0.006545453793138531
arabian_sea,700,N-L0,-0.015059993009657133,-0.007663041142004761
arabian_sea,700,N-R,-0.0039031122281412713,-0.0005689138738443541
arabian_sea,700,R-L0,-0.013189401045960506,-0.004802991563964497
arabian_sea,1000,N-L0,-0.024372586126541806,-0.01892854682284916
arabian_sea,1000,N-R,-0.004779478489685564,-0.0010916954509397115
arabian_sea,1000,R-L0,-0.02155609230907534,-0.016093583856468675
bay_of_bengal,0,N-L0,-0.1607931719728578,-0.10293859162918971
bay_of_bengal,0,N-R,-0.024630062624108086,-0.005846749471240756
bay_of_bengal,0,R-L0,-0.1421022533782966,-0.09012677600378351
bay_of_bengal,5,N-L0,-0.14937708456542637,-0.09482612212344127
bay_of_bengal,5,N-R,-0.02428208533680453,-0.007959229430907381
bay_of_bengal,5,R-L0,-0.13312642517507944,-0.08226821363172335
bay_of_bengal,10,N-L0,-0.15086666812824504,-0.10169117357527319
bay_of_bengal,10,N-R,-0.026059858906544553,-0.010304127544012082
bay_of_bengal,10,R-L0,-0.13253839723310737,-0.08350910525678554
bay_of_bengal,20,N-L0,-0.14647866480169064,-0.10623003173984742
bay_of_bengal,20,N-R,-0.024902225074732498,-0.011887439250150823
bay_of_bengal,20,R-L0,-0.12854920119979582,-0.0864812321709293
bay_of_bengal,30,N-L0,-0.1461771626160124,-0.10958489688058527
bay_of_bengal,30,N-R,-0.02154070945450267,-0.009958309177595565
bay_of_bengal,30,R-L0,-0.129669287433269,-0.09375561524226637
bay_of_bengal,50,N-L0,-0.3258033895978582,-0.27737616865317605
bay_of_bengal,50,N-R,-0.023413174903751367,-0.0017879466458367147
bay_of_bengal,50,R-L0,-0.31490251973807865,-0.2607692282511143
bay_of_bengal,75,N-L0,-0.5692257050414086,-0.4616354582497783
bay_of_bengal,75,N-R,0.0042452288290271865,0.03709149341124394
bay_of_bengal,75,R-L0,-0.5941465330516228,-0.47935390644855336
bay_of_bengal,100,N-L0,-0.6540265242951632,-0.46745685456346747
bay_of_bengal,100,N-R,0.049765195429240114,0.09840652603882699
bay_of_bengal,100,R-L0,-0.7401504882374368,-0.5406594397154253
bay_of_bengal,125,N-L0,-0.6256347657844793,-0.3707505864358796
bay_of_bengal,125,N-R,0.055298446430210035,0.09584273856950809
bay_of_bengal,125,R-L0,-0.7048451946218433,-0.4567317565194125
bay_of_bengal,150,N-L0,-0.41716635363893245,-0.19700046184751713
bay_of_bengal,150,N-R,0.04416674135972428,0.07119588119694883
bay_of_bengal,150,R-L0,-0.474763952811917,-0.2554118965838897
bay_of_bengal,200,N-L0,-0.13644023036173253,-0.02041885064956067
bay_of_bengal,200,N-R,0.017019609449502062,0.030667143754120257
bay_of_bengal,200,R-L0,-0.15768511294931978,-0.0410455132988482
bay_of_bengal,300,N-L0,-0.10463139679061118,-0.06766474521371811
bay_of_bengal,300,N-R,-0.006958716801713181,-0.00038637653065877795
bay_of_bengal,300,R-L0,-0.09954683242464725,-0.06590979241167848
bay_of_bengal,500,N-L0,-0.017878235144037836,-0.008051817212403424
bay_of_bengal,500,N-R,-0.002917735775607967,0.0024629065268557144
bay_of_bengal,500,R-L0,-0.016732153191814966,-0.00825731783500954
bay_of_bengal,700,N-L0,0.011966457565978658,0.021832308112334917
bay_of_bengal,700,N-R,-0.0004367499582454289,0.004436753896380645
bay_of_bengal,700,R-L0,0.010701936212764156,0.01877489709867596
bay_of_bengal,1000,N-L0,-0.005845134045635194,-0.00015965008050211756
bay_of_bengal,1000,N-R,-0.002206595185830705,-0.00026729263899478057
bay_of_bengal,1000,R-L0,-0.004448760205113085,0.0011994866755093351
