group,depths_m,model,rmse,mae,bias,correlation,nrmse,n
surface_mixed_layer,"0,5,10",L0_climatology,0.584993654737288,0.42432420032232604,0.014423739848416346,0.934626349959362,0.355994579456233,12154135
surface_mixed_layer,"0,5,10",L1_mlp,0.4789303719955917,0.34662473278794753,-0.10264337265403052,0.9590922205819347,0.29147751595735955,12154135
surface_mixed_layer,"0,5,10",L2_embedding,0.45211613367977255,0.3218159651706916,0.04806181587642154,0.9624481329940247,0.27516016380597896,12154135
upper_thermocline,"20,30,50",L0_climatology,0.7961783912864369,0.5503792251719654,-0.11582228585579167,0.8899228774163496,0.4611630569946857,11586195
upper_thermocline,"20,30,50",L1_mlp,0.6498953639228368,0.44544748364654624,-0.09624801645390452,0.9261922023034996,0.3828672997520893,11586195
upper_thermocline,"20,30,50",L2_embedding,0.6439436930251161,0.4310347033485164,-0.029744870784140228,0.9281924406858616,0.37468020248268474,11586195
thermocline,"75,100,125",L0_climatology,1.7335134268117878,1.3263522912237982,-0.6931111767543787,0.6745544037683852,0.8307561986783292,10613105
thermocline,"75,100,125",L1_mlp,1.2140156091385301,0.919388112546774,-0.3341125793699168,0.8326498628920512,0.5817060898062028,10613105
thermocline,"75,100,125",L2_embedding,1.16756989848791,0.8692040600079659,-0.2418808888191602,0.8520330930224496,0.5611406246225922,10613105
intermediate,"150,200,300",L0_climatology,1.0899901288832834,0.7614551946253881,-0.33461428625994744,0.8502331267848813,0.5397893759068406,10397755
intermediate,"150,200,300",L1_mlp,0.879527876326035,0.6253018490950891,-0.11275989983608248,0.8911059631407233,0.4500395938511488,10397755
intermediate,"150,200,300",L2_embedding,0.8190710123502395,0.5838203038798171,-0.02995740295762309,0.9048865586461845,0.42145485973720775,10397755
deep,"500,700,1000",L0_climatology,0.3899709783799228,0.2766947819778767,-0.05406146113771079,0.9414705341711495,0.33854772989844345,10003920
deep,"500,700,1000",L1_mlp,0.3935921926153229,0.27629647080551917,-0.009607048282798684,0.9397069472499034,0.34131819227961413,10003920
deep,"500,700,1000",L2_embedding,0.3933218362811142,0.28002219684143903,-0.0023216219671723724,0.9391774672026182,0.3418837469890719,10003920
