run,depth_m,n,mean_shift,mean_abs_shift,rmsd,max_abs_shift,nrt_key,l2_test_rmse,s_ratio,sensitivity_band,n_days_run,coverage_mean,coverage_loss_vs_reference
NRT_SST_ONLY,0,631008,-0.03595883365279288,0.09492437450411464,0.13395290357988573,1.5883397424605405,sst_nrt,0.4771164364267281,0.2807551644690765,MATERIAL,56,1.0,0.0
NRT_SST_ONLY,5,631008,-0.03430201940477374,0.09175119737623635,0.12999978957613936,1.5855676655591182,sst_nrt,0.4755463365672771,0.2733693429635913,MATERIAL,56,1.0,0.0
NRT_SST_ONLY,10,631008,-0.03349871168201213,0.08955439777154053,0.12739629333895175,1.6452190855222142,sst_nrt,0.4819221919075259,0.2643503359633567,MATERIAL,56,1.0,0.0
NRT_SST_ONLY,20,631008,-0.03024891402617402,0.08301736210305848,0.11970198741823838,1.5388567744945085,sst_nrt,0.5479836263862891,0.21844081037169,MINOR,56,1.0,0.0
NRT_SST_ONLY,30,631008,-0.02459398312607302,0.07523150732763978,0.11332552824474713,1.4551043314984504,sst_nrt,0.6455256943875001,0.17555541046630965,MINOR,56,1.0,0.0
NRT_SST_ONLY,50,631008,-0.013727492511758642,0.06889719032852493,0.11203422516004984,1.9069283270542634,sst_nrt,0.8680104179033478,0.12907013884771687,MINOR,56,1.0,0.0
NRT_SST_ONLY,75,631008,-0.0013521787873285282,0.07962400674262325,0.1242521168099494,1.990315231274785,sst_nrt,1.1065703834595035,0.11228577835374226,MINOR,56,1.0,0.0
NRT_SST_ONLY,100,631008,0.005990481197755632,0.0916351974241503,0.14087997027285953,1.766431468886534,sst_nrt,1.1894539301653733,0.11844088005432256,MINOR,56,1.0,0.0
NRT_SST_ONLY,125,631008,0.009546584646717017,0.08685140926573102,0.13246953466509062,1.7624926398465526,sst_nrt,1.1366132537304483,0.11654758927921689,MINOR,56,1.0,0.0
NRT_SST_ONLY,150,631008,0.010585881333313792,0.07413937788774526,0.11334116973327012,1.5607156022669386,sst_nrt,1.029793286930536,0.11006205922268308,MINOR,56,1.0,0.0
NRT_SST_ONLY,200,631008,0.00776630845110233,0.0488836174955791,0.07674282268080841,1.1208462483337591,sst_nrt,0.7491165045779936,0.10244444250235898,MINOR,56,1.0,0.0
NRT_SST_ONLY,300,631008,0.0009099151204422578,0.02342320301478989,0.03661993756397331,0.5149859819850775,sst_nrt,0.5151570730458626,0.0710849942279899,NEGLIGIBLE,56,1.0,0.0
NRT_SST_ONLY,500,631008,-0.0025823540876927092,0.015818421976475084,0.025925453317028446,0.4765887327400282,sst_nrt,0.3727826871859652,0.06954575469352565,NEGLIGIBLE,56,1.0,0.0
NRT_SST_ONLY,700,631008,-0.0029375677488211677,0.015569677563296963,0.02675348061239324,0.6449860190509309,sst_nrt,0.3685576706461466,0.07258967250766934,NEGLIGIBLE,56,1.0,0.0
NRT_SST_ONLY,1000,631008,-0.002970453669067513,0.013434211739027872,0.02297895018000012,0.5264159831518924,sst_nrt,0.3865029658994667,0.05945348990149063,NEGLIGIBLE,56,1.0,0.0
NRT_SSS_SMOS_ONLY,0,14787,0.005822077063178405,0.19199516435135816,0.2645859305741433,1.7999531640866806,sss_nrt_smos,0.4771164364267281,0.5545521184633856,SEVERE,56,0.023433934276586032,0.976566065723414
NRT_SSS_SMOS_ONLY,5,14787,0.01735024579581667,0.1911639779558512,0.26573786887259704,1.8105210676088994,sss_nrt_smos,0.4755463365672771,0.558805416924923,SEVERE,56,0.023433934276586032,0.976566065723414
NRT_SSS_SMOS_ONLY,10,14787,0.012753977911793017,0.18218650801413389,0.2567163665213406,1.7484339903337585,sss_nrt_smos,0.4819221919075259,0.5326925608161263,SEVERE,56,0.023433934276586032,0.976566065723414
NRT_SSS_SMOS_ONLY,20,14787,-0.011779649549902882,0.1878855664714685,0.26752671661837035,1.7639687074608332,sss_nrt_smos,0.5479836263862891,0.4882020260032063,MATERIAL,56,0.023433934276586032,0.976566065723414
NRT_SSS_SMOS_ONLY,30,14787,-0.04098318766300801,0.2221356797976517,0.35337101802006815,2.960660007197191,sss_nrt_smos,0.6455256943875001,0.547415883042983,SEVERE,56,0.023433934276586032,0.976566065723414
NRT_SSS_SMOS_ONLY,50,14787,-0.2579614739234724,0.4186720080601006,0.7433777638070005,4.499164144853914,sss_nrt_smos,0.8680104179033478,0.856415716302814,SEVERE,56,0.023433934276586032,0.976566065723414
NRT_SSS_SMOS_ONLY,75,14787,-0.6622123913740701,0.8454949504217919,1.192637925736725,5.82393147895867,sss_nrt_smos,1.1065703834595035,1.0777786425190108,SEVERE,56,0.023433934276586032,0.976566065723414
NRT_SSS_SMOS_ONLY,100,14787,-0.8414640121097642,1.1253110353428648,1.4791355099376333,6.030118149407979,sss_nrt_smos,1.1894539301653733,1.2435416559025407,SEVERE,56,0.023433934276586032,0.976566065723414
NRT_SSS_SMOS_ONLY,125,14787,-0.7149056280977546,1.0332210044919274,1.396957611238046,6.823830950334493,sss_nrt_smos,1.1366132537304483,1.2290527201342483,SEVERE,56,0.023433934276586032,0.976566065723414
NRT_SSS_SMOS_ONLY,150,14787,-0.43566418852609207,0.7627649225506455,1.0709012497768937,5.820250159775544,sss_nrt_smos,1.029793286930536,1.0399186549068373,SEVERE,56,0.023433934276586032,0.976566065723414
NRT_SSS_SMOS_ONLY,200,14787,-0.15816921292485303,0.3782171780175093,0.5663947882687768,4.139015229413907,sss_nrt_smos,0.7491165045779936,0.7560837130238492,SEVERE,56,0.023433934276586032,0.976566065723414
NRT_SSS_SMOS_ONLY,300,14787,-0.004504119583890574,0.17306417996187298,0.25512816088794704,1.6821197098443186,sss_nrt_smos,0.5151570730458626,0.49524343979109825,MATERIAL,56,0.023433934276586032,0.976566065723414
NRT_SSS_SMOS_ONLY,500,14787,0.0207628385963882,0.10426815978139098,0.18269927199834604,2.7739966636500384,sss_nrt_smos,0.3727826871859652,0.4900959145326544,MATERIAL,56,0.023433934276586032,0.976566065723414
NRT_SSS_SMOS_ONLY,700,14787,0.02364564912293335,0.11540855551472051,0.1976040455607974,2.772381960312609,sss_nrt_smos,0.3685576706461466,0.5361550207715462,SEVERE,56,0.023433934276586032,0.976566065723414
NRT_SSS_SMOS_ONLY,1000,14787,0.032432637458277,0.0936365113574335,0.14999858160690427,1.908014580723279,sss_nrt_smos,0.3865029658994667,0.3880916702872609,MATERIAL,56,0.023433934276586032,0.976566065723414
NRT_SSS_SMAP_ONLY,0,43733,-0.12182960556975475,0.220068273235427,0.32638621602120754,4.626923819792093,sss_nrt_smap,0.4771164364267281,0.6840808471525618,SEVERE,7,0.5544525584461687,0.4455474415538313
NRT_SSS_SMAP_ONLY,5,43733,-0.11750781580617073,0.21577554600913168,0.3218006768084474,4.65965035455957,sss_nrt_smap,0.4755463365672771,0.6766967844424161,SEVERE,7,0.5544525584461687,0.4455474415538313
NRT_SSS_SMAP_ONLY,10,43733,-0.11440229601598448,0.2145034383275944,0.3225181007856449,4.461801440357402,sss_nrt_smap,0.4819221919075259,0.6692327230440793,SEVERE,7,0.5544525584461687,0.4455474415538313
NRT_SSS_SMAP_ONLY,20,43733,-0.1120901169357316,0.22221497177629557,0.3536713913636818,4.313887110311111,sss_nrt_smap,0.5479836263862891,0.645405034628478,SEVERE,7,0.5544525584461687,0.4455474415538313
NRT_SSS_SMAP_ONLY,30,43733,-0.11047642504365854,0.24341035102850236,0.39585075241633577,3.998211712338275,sss_nrt_smap,0.6455256943875001,0.6132223021609301,SEVERE,7,0.5544525584461687,0.4455474415538313
NRT_SSS_SMAP_ONLY,50,43733,-0.16529901323457313,0.3505360550578653,0.5567640958066686,5.815639673824382,sss_nrt_smap,0.8680104179033478,0.6414255915862336,SEVERE,7,0.5544525584461687,0.4455474415538313
NRT_SSS_SMAP_ONLY,75,43733,-0.30507004946303934,0.5003458855142117,0.76947530530577,6.37586369216605,sss_nrt_smap,1.1065703834595035,0.6953695099810432,SEVERE,7,0.5544525584461687,0.4455474415538313
NRT_SSS_SMAP_ONLY,100,43733,-0.41048489229490387,0.5781069613133054,0.858448267409825,6.150372558696951,sss_nrt_smap,1.1894539301653733,0.7217162814288003,SEVERE,7,0.5544525584461687,0.4455474415538313
NRT_SSS_SMAP_ONLY,125,43733,-0.43850259305201156,0.5769245422679486,0.83567390813261,5.306194947139456,sss_nrt_smap,1.1366132537304483,0.7352315357839324,SEVERE,7,0.5544525584461687,0.4455474415538313
NRT_SSS_SMAP_ONLY,150,43733,-0.3927567968366857,0.5145086912751236,0.7420472978223583,4.2558385430094425,sss_nrt_smap,1.029793286930536,0.7205788843644042,SEVERE,7,0.5544525584461687,0.4455474415538313
NRT_SSS_SMAP_ONLY,200,43733,-0.2581660738293815,0.34571954696953083,0.5104367914729795,4.760913657781817,sss_nrt_smap,0.7491165045779936,0.6813850560675183,SEVERE,7,0.5544525584461687,0.4455474415538313
NRT_SSS_SMAP_ONLY,300,43733,-0.10218160052949461,0.16077191554466075,0.235494719780151,1.8368673475865176,sss_nrt_smap,0.5151570730458626,0.45713187705604064,MATERIAL,7,0.5544525584461687,0.4455474415538313
NRT_SSS_SMAP_ONLY,500,43733,-0.04584144211551881,0.10472794458895468,0.181548434975354,1.9376379864271787,sss_nrt_smap,0.3727826871859652,0.4870087619835932,MATERIAL,7,0.5544525584461687,0.4455474415538313
NRT_SSS_SMAP_ONLY,700,43733,-0.03766502759822185,0.0977125289767278,0.18317858778506096,2.155995433641843,sss_nrt_smap,0.3685576706461466,0.4970147208275888,MATERIAL,7,0.5544525584461687,0.4455474415538313
NRT_SSS_SMAP_ONLY,1000,43733,-0.034469280687897424,0.0821956378888256,0.15831456133503455,1.7978350400182492,sss_nrt_smap,0.3865029658994667,0.40960762349289126,MATERIAL,7,0.5544525584461687,0.4455474415538313
NRT_SLA_ONLY,0,631008,0.0018557408259369766,0.05008403954332386,0.07301995959986367,1.7350863177328328,sla_nrt,0.4771164364267281,0.153044317958804,MINOR,56,1.0,0.0
NRT_SLA_ONLY,5,631008,0.001436977131769687,0.05004993948411872,0.07358405338020113,1.7523989505193356,sla_nrt,0.4755463365672771,0.15473582219424994,MINOR,56,1.0,0.0
NRT_SLA_ONLY,10,631008,0.0012598074611857445,0.049871203728305266,0.07422924240194209,1.8865670796897653,sla_nrt,0.4819221919075259,0.15402744187423859,MINOR,56,1.0,0.0
NRT_SLA_ONLY,20,631008,-4.6265197810685514e-05,0.05600725120800945,0.08941879275030869,2.1065191992009105,sla_nrt,0.5479836263862891,0.1631778550391848,MINOR,56,1.0,0.0
NRT_SLA_ONLY,30,631008,0.00018957394665014964,0.06891751576112637,0.11750661364058722,2.047034019331747,sla_nrt,0.6455256943875001,0.1820324344363737,MINOR,56,1.0,0.0
NRT_SLA_ONLY,50,631008,0.010030279940608728,0.11462922118355527,0.18424884942838748,1.9816091115226016,sla_nrt,0.8680104179033478,0.21226571205612355,MINOR,56,1.0,0.0
NRT_SLA_ONLY,75,631008,0.04066729260244725,0.19265597422673106,0.2845310206481901,2.5255742741493634,sla_nrt,1.1065703834595035,0.25712871490257344,MATERIAL,56,1.0,0.0
NRT_SLA_ONLY,100,631008,0.06516709316552009,0.2373419318464103,0.340157659670024,2.895351722879038,sla_nrt,1.1894539301653733,0.28597800305114035,MATERIAL,56,1.0,0.0
NRT_SLA_ONLY,125,631008,0.06252011845617474,0.2280832385885493,0.3188055539985267,2.8293897308444933,sla_nrt,1.1366132537304483,0.28048727476314694,MATERIAL,56,1.0,0.0
NRT_SLA_ONLY,150,631008,0.04837936368084588,0.19015941782173346,0.2649173326020599,2.4973163541718932,sla_nrt,1.029793286930536,0.25725292246921566,MATERIAL,56,1.0,0.0
NRT_SLA_ONLY,200,631008,0.023716297991854065,0.11497201482475872,0.16179992257325684,2.0452054741185925,sla_nrt,0.7491165045779936,0.21598766224541405,MINOR,56,1.0,0.0
NRT_SLA_ONLY,300,631008,0.005964323003466411,0.04960972609289549,0.07217126073092497,0.8675433942328361,sla_nrt,0.5151570730458626,0.14009564171217315,MINOR,56,1.0,0.0
NRT_SLA_ONLY,500,631008,0.0015341841377475073,0.02788555912842486,0.04335093585670578,0.6318925565613256,sla_nrt,0.3727826871859652,0.11629009969306829,MINOR,56,1.0,0.0
NRT_SLA_ONLY,700,631008,-0.00012805274443626296,0.025775850836623985,0.04114634057810565,0.6911009384792379,sla_nrt,0.3685576706461466,0.11164152547949649,MINOR,56,1.0,0.0
NRT_SLA_ONLY,1000,631008,-0.0007168379673321224,0.02222124562524876,0.03541681844080066,0.5823093369834691,sla_nrt,0.3865029658994667,0.09163401465336474,NEGLIGIBLE,56,1.0,0.0
NRT_CURRENTS_ONLY,0,629418,0.002312982980858635,0.04628262603855708,0.0748562992439249,2.1509964538524855,currents_nrt,0.4771164364267281,0.15689314709957755,MINOR,56,0.9974802221207973,0.002519777879202656
NRT_CURRENTS_ONLY,5,629418,0.0017529673439042619,0.04538465588018144,0.07430426313024968,2.2060722137899056,currents_nrt,0.4755463365672771,0.15625031130849143,MINOR,56,0.9974802221207973,0.002519777879202656
NRT_CURRENTS_ONLY,10,629418,0.0019700101905645597,0.045250001291344766,0.07512719926169796,2.2778484878659064,currents_nrt,0.4819221919075259,0.15589072369614765,MINOR,56,0.9974802221207973,0.002519777879202656
NRT_CURRENTS_ONLY,20,629418,0.001644552339057332,0.04801851382648183,0.08401320857071602,2.6504436639192264,currents_nrt,0.5479836263862891,0.1533133555919292,MINOR,56,0.9974802221207973,0.002519777879202656
NRT_CURRENTS_ONLY,30,629418,0.001805831026890973,0.05509667997667386,0.10280154122622849,3.440352628883307,currents_nrt,0.6455256943875001,0.15925243893470514,MINOR,56,0.9974802221207973,0.002519777879202656
NRT_CURRENTS_ONLY,50,629418,0.002482077547632361,0.08328419531408413,0.1526423895132514,4.16602608165536,currents_nrt,0.8680104179033478,0.1758531768339306,MINOR,56,0.9974802221207973,0.002519777879202656
NRT_CURRENTS_ONLY,75,629418,0.0014243664281185682,0.1272057557492204,0.21480949688899917,4.375595981575891,currents_nrt,1.1065703834595035,0.19412185623243766,MINOR,56,0.9974802221207973,0.002519777879202656
NRT_CURRENTS_ONLY,100,629418,-0.00023480023945605035,0.14829354513723023,0.2402404954348077,4.125036293734876,currents_nrt,1.1894539301653733,0.20197545221562835,MINOR,56,0.9974802221207973,0.002519777879202656
NRT_CURRENTS_ONLY,125,629418,-0.0005743999619616311,0.13939645922115224,0.21776446375160421,3.1997336701222956,currents_nrt,1.1366132537304483,0.1915906426718897,MINOR,56,0.9974802221207973,0.002519777879202656
NRT_CURRENTS_ONLY,150,629418,-0.0013292931872659786,0.1180091988776606,0.18266225443896103,3.239381824183127,currents_nrt,1.029793286930536,0.17737759291810415,MINOR,56,0.9974802221207973,0.002519777879202656
NRT_CURRENTS_ONLY,200,629418,-0.0023161483729414864,0.07398809822766395,0.1176509311126478,2.884577870704529,currents_nrt,0.7491165045779936,0.15705291552603706,MINOR,56,0.9974802221207973,0.002519777879202656
NRT_CURRENTS_ONLY,300,629418,-0.0008563479470982996,0.032695612615226605,0.05186981062665695,0.9607799556643926,currents_nrt,0.5151570730458626,0.10068736962103046,MINOR,56,0.9974802221207973,0.002519777879202656
NRT_CURRENTS_ONLY,500,629418,0.00020042607633712322,0.020311527011607683,0.03480775855582018,0.8021519421085639,currents_nrt,0.3727826871859652,0.09337278728949151,NEGLIGIBLE,56,0.9974802221207973,0.002519777879202656
NRT_CURRENTS_ONLY,700,629418,0.00029393167656560794,0.01951463168494178,0.034310109460357195,0.8916137045359047,currents_nrt,0.3685576706461466,0.0930929192172436,NEGLIGIBLE,56,0.9974802221207973,0.002519777879202656
NRT_CURRENTS_ONLY,1000,629418,0.00014710788923366617,0.016697469695044185,0.028857640111218545,0.7602515375655123,currents_nrt,0.3865029658994667,0.0746634376894399,NEGLIGIBLE,56,0.9974802221207973,0.002519777879202656
NRT_WIND_ONLY,0,631008,0.0004053725308836145,0.010953672021396854,0.01604401196449038,0.45685779320680453,wind_nrt,0.4771164364267281,0.03362703679766081,NEGLIGIBLE,56,1.0,0.0
NRT_WIND_ONLY,5,631008,0.0003959287856574953,0.010731472781271626,0.015800228688219425,0.4703676734722002,wind_nrt,0.4755463365672771,0.033225424050731,NEGLIGIBLE,56,1.0,0.0
NRT_WIND_ONLY,10,631008,0.000394952635275735,0.010562655949555744,0.015679665063818026,0.49165132882422213,wind_nrt,0.4819221919075259,0.032535677599231067,NEGLIGIBLE,56,1.0,0.0
NRT_WIND_ONLY,20,631008,0.0004585428461623784,0.010892485563859737,0.016805537743455126,0.5562996290800761,wind_nrt,0.5479836263862891,0.030667956001313862,NEGLIGIBLE,56,1.0,0.0
NRT_WIND_ONLY,30,631008,0.0006310799123480264,0.011922412878160546,0.01946764446495123,0.5291282308142016,wind_nrt,0.6455256943875001,0.030157814993596637,NEGLIGIBLE,56,1.0,0.0
NRT_WIND_ONLY,50,631008,0.0005057884476355588,0.016665857445872744,0.02681228987272399,0.41331122560545097,wind_nrt,0.8680104179033478,0.030889364136306385,NEGLIGIBLE,56,1.0,0.0
NRT_WIND_ONLY,75,631008,-0.00011077997989853431,0.024420461506779234,0.035853456405543,0.4537629000622587,wind_nrt,1.1065703834595035,0.03240052051045618,NEGLIGIBLE,56,1.0,0.0
NRT_WIND_ONLY,100,631008,-0.0008872702086923262,0.028546320336735282,0.04089029436590612,0.8144194680654877,wind_nrt,1.1894539301653733,0.03437736706643276,NEGLIGIBLE,56,1.0,0.0
NRT_WIND_ONLY,125,631008,-0.0014381033635593825,0.027311357090778334,0.03840236810745171,0.7554765983209322,wind_nrt,1.1366132537304483,0.03378666224541401,NEGLIGIBLE,56,1.0,0.0
NRT_WIND_ONLY,150,631008,-0.0017880107112274435,0.02346619384207038,0.032849530680025066,0.5685124768460383,wind_nrt,1.029793286930536,0.031899150146859435,NEGLIGIBLE,56,1.0,0.0
NRT_WIND_ONLY,200,631008,-0.0013717717324232776,0.014996320023837438,0.02132443973226786,0.26572768297764604,wind_nrt,0.7491165045779936,0.028466119224379853,NEGLIGIBLE,56,1.0,0.0
NRT_WIND_ONLY,300,631008,-0.0003911996406796591,0.006903376380853457,0.01005306546220692,0.14347630115998378,wind_nrt,0.5151570730458626,0.019514563592747048,NEGLIGIBLE,56,1.0,0.0
NRT_WIND_ONLY,500,631008,-7.541230914220446e-05,0.0042334819770044295,0.00669249871791651,0.14787429335941482,wind_nrt,0.3727826871859652,0.01795281526735149,NEGLIGIBLE,56,1.0,0.0
NRT_WIND_ONLY,700,631008,-7.419177324286506e-05,0.004068260341750582,0.006652076642131237,0.15786942018115901,wind_nrt,0.3685576706461466,0.018048943684902754,NEGLIGIBLE,56,1.0,0.0
NRT_WIND_ONLY,1000,631008,-4.58603523480986e-05,0.003450106643178627,0.005489758953856896,0.11584548177966703,wind_nrt,0.3865029658994667,0.014203665788388381,NEGLIGIBLE,56,1.0,0.0
ALL_NRT_RAW,0,14787,-0.006229043913608049,0.20517056437800926,0.283677613432643,2.1956572349312253,multiple,0.4771164364267281,0.5945668431739473,SEVERE,56,0.023433934276586032,0.976566065723414
ALL_NRT_RAW,5,14787,0.002978259305075369,0.20228087862769398,0.283510968757407,2.219244300734591,multiple,0.4755463365672771,0.5961794823274762,SEVERE,56,0.023433934276586032,0.976566065723414
ALL_NRT_RAW,10,14787,0.00025394422460163214,0.19595339266625775,0.2791316811605454,2.437026121872332,multiple,0.4819221919075259,0.5792048713417763,SEVERE,56,0.023433934276586032,0.976566065723414
ALL_NRT_RAW,20,14787,-0.024349699037103083,0.20055035270176347,0.30811814804651516,4.716517082065778,multiple,0.5479836263862891,0.56227619441555,SEVERE,56,0.023433934276586032,0.976566065723414
ALL_NRT_RAW,30,14787,-0.047366171425913484,0.2322079731423465,0.403882426146725,6.8169661166077375,multiple,0.6455256943875001,0.6256643688365409,SEVERE,56,0.023433934276586032,0.976566065723414
ALL_NRT_RAW,50,14787,-0.22366868922678612,0.4105523494215914,0.743101015071523,6.781079168801167,multiple,0.8680104179033478,0.8560968851807799,SEVERE,56,0.023433934276586032,0.976566065723414
ALL_NRT_RAW,75,14787,-0.5657804692610418,0.8081133349186588,1.126989261493636,5.248028130742654,multiple,1.1065703834595035,1.0184523988165095,SEVERE,56,0.023433934276586032,0.976566065723414
ALL_NRT_RAW,100,14787,-0.7199003646689067,1.100128923720874,1.4130018924757193,5.918730123313697,multiple,1.1894539301653733,1.187941673604177,SEVERE,56,0.023433934276586032,0.976566065723414
ALL_NRT_RAW,125,14787,-0.6164528612579708,1.0269901294319628,1.3564234575282792,6.592601574916213,multiple,1.1366132537304483,1.1933904985503183,SEVERE,56,0.023433934276586032,0.976566065723414
ALL_NRT_RAW,150,14787,-0.3689518361855654,0.7624555601180137,1.0527298167148385,5.64944053879487,multiple,1.029793286930536,1.022272945527416,SEVERE,56,0.023433934276586032,0.976566065723414
ALL_NRT_RAW,200,14787,-0.12992488308669042,0.3849051602948594,0.5637215096704182,3.9942052461554525,multiple,0.7491165045779936,0.7525151377995395,SEVERE,56,0.023433934276586032,0.976566065723414
ALL_NRT_RAW,300,14787,0.0019575531418456094,0.17598031215545615,0.25402013543832186,1.6725562292584168,multiple,0.5151570730458626,0.493092590064676,MATERIAL,56,0.023433934276586032,0.976566065723414
ALL_NRT_RAW,500,14787,0.021079473494379122,0.10362701561504947,0.1780740206141541,2.623953312183522,multiple,0.3727826871859652,0.4776885481415092,MATERIAL,56,0.023433934276586032,0.976566065723414
ALL_NRT_RAW,700,14787,0.02294308362810782,0.11520950086422269,0.1932720317051228,2.6077638194977517,multiple,0.3685576706461466,0.524401056058019,SEVERE,56,0.023433934276586032,0.976566065723414
ALL_NRT_RAW,1000,14787,0.03051615342762802,0.09328257203857948,0.1466384621169055,1.7546947071402181,multiple,0.3865029658994667,0.37939802551230006,MATERIAL,56,0.023433934276586032,0.976566065723414
ALL_NRT_RAW_SMAP_SSS,0,43694,-0.16834559464907908,0.2630801436873831,0.3741595571730683,4.574331975226695,multiple,0.4771164364267281,0.7842101604699776,SEVERE,7,0.5539581114660986,0.44604188853390137
ALL_NRT_RAW_SMAP_SSS,5,43694,-0.16280771839982555,0.25872812358576497,0.3692242778876897,4.608177511704735,multiple,0.4755463365672771,0.7764212433070743,SEVERE,7,0.5539581114660986,0.44604188853390137
ALL_NRT_RAW_SMAP_SSS,10,43694,-0.15983736275006888,0.256365705769378,0.3688701308154757,4.410384831242965,multiple,0.4819221919075259,0.7654142868072294,SEVERE,7,0.5539581114660986,0.44604188853390137
ALL_NRT_RAW_SMAP_SSS,20,43694,-0.15462475077167084,0.2617496316377771,0.39610478208046573,4.270537821387432,multiple,0.5479836263862891,0.7228405430516283,SEVERE,7,0.5539581114660986,0.44604188853390137
ALL_NRT_RAW_SMAP_SSS,30,43694,-0.1463702903546566,0.27954560215157054,0.4371596498609328,4.02357267604825,multiple,0.6455256943875001,0.6772149484703733,SEVERE,7,0.5539581114660986,0.44604188853390137
ALL_NRT_RAW_SMAP_SSS,50,43694,-0.17235627694570407,0.38806382252042393,0.5904421042419805,6.076329906174493,multiple,0.8680104179033478,0.6802246748007647,SEVERE,7,0.5539581114660986,0.44604188853390137
ALL_NRT_RAW_SMAP_SSS,75,43694,-0.26521610691839353,0.5420757322051261,0.8004425880338003,5.970010633423563,multiple,1.1065703834595035,0.7233544291429101,SEVERE,7,0.5539581114660986,0.44604188853390137
ALL_NRT_RAW_SMAP_SSS,100,43694,-0.34458705067330836,0.6172235437254527,0.879172638277536,6.215705053538393,multiple,1.1894539301653733,0.7391397144362725,SEVERE,7,0.5539581114660986,0.44604188853390137
ALL_NRT_RAW_SMAP_SSS,125,43694,-0.3799261113537822,0.6146291817909345,0.857103386493636,5.3809093231209495,multiple,1.1366132537304483,0.7540853352541506,SEVERE,7,0.5539581114660986,0.44604188853390137
ALL_NRT_RAW_SMAP_SSS,150,43694,-0.3512682953030256,0.5508269098882906,0.7686618471242341,4.316305662319866,multiple,1.029793286930536,0.7464234394218611,SEVERE,7,0.5539581114660986,0.44604188853390137
ALL_NRT_RAW_SMAP_SSS,200,43694,-0.2408685430606551,0.3692499485829618,0.5333731465967164,4.796493463528073,multiple,0.7491165045779936,0.7120029305684383,SEVERE,7,0.5539581114660986,0.44604188853390137
ALL_NRT_RAW_SMAP_SSS,300,43694,-0.09976130079037687,0.16887712507130187,0.24519138109638117,1.8229966914615403,multiple,0.5151570730458626,0.4759546047707136,MATERIAL,7,0.5539581114660986,0.44604188853390137
ALL_NRT_RAW_SMAP_SSS,500,43694,-0.04804618358005385,0.10928285504207962,0.18799990252367005,1.9680169546078243,multiple,0.3727826871859652,0.504315004387221,SEVERE,7,0.5539581114660986,0.44604188853390137
ALL_NRT_RAW_SMAP_SSS,700,43694,-0.04078626494403864,0.10407160150491573,0.1920462714424541,2.172908816108725,multiple,0.3685576706461466,0.521075225773386,SEVERE,7,0.5539581114660986,0.44604188853390137
ALL_NRT_RAW_SMAP_SSS,1000,43694,-0.03884422508856387,0.08894400374292721,0.16715880811037262,1.8172078843426416,multiple,0.3865029658994667,0.4324903632275161,MATERIAL,7,0.5539581114660986,0.44604188853390137
ALL_NRT_EXCEPT_SSS,0,629418,-0.03173388748807896,0.12100934035901077,0.16796155584593936,2.414931670177367,multiple,0.4771164364267281,0.35203472993690005,MATERIAL,56,0.9974802221207973,0.002519777879202656
ALL_NRT_EXCEPT_SSS,5,629418,-0.031042984000921665,0.11832901114215011,0.16499978856142858,2.4479302094402406,multiple,0.4755463365672771,0.34696889845157186,MATERIAL,56,0.9974802221207973,0.002519777879202656
ALL_NRT_EXCEPT_SSS,10,629418,-0.030176113811085783,0.11640467152243299,0.16376279387842851,2.580632569140981,multiple,0.4819221919075259,0.3398116887504784,MATERIAL,56,0.9974802221207973,0.002519777879202656
ALL_NRT_EXCEPT_SSS,20,629418,-0.0285543163004362,0.11689879378962736,0.1694064808696575,3.125536475820631,multiple,0.5479836263862891,0.30914515089952366,MATERIAL,56,0.9974802221207973,0.002519777879202656
ALL_NRT_EXCEPT_SSS,30,629418,-0.022473878676283823,0.12440138254334082,0.1899252423689517,3.2996537462696907,multiple,0.6455256943875001,0.2942179436391919,MATERIAL,56,0.9974802221207973,0.002519777879202656
ALL_NRT_EXCEPT_SSS,50,629418,-0.0012887144124541755,0.16795922185068152,0.25942413751085097,4.065921437305089,multiple,0.8680104179033478,0.29887214733837175,MATERIAL,56,0.9974802221207973,0.002519777879202656
ALL_NRT_EXCEPT_SSS,75,629418,0.03990443783442998,0.253708713698611,0.37051783997817517,4.362728379864166,multiple,1.1065703834595035,0.3348344086526284,MATERIAL,56,0.9974802221207973,0.002519777879202656
ALL_NRT_EXCEPT_SSS,100,629418,0.06889699358067526,0.30425061866114184,0.4306469494778903,4.2260741043967975,multiple,1.1894539301653733,0.36205433313252927,MATERIAL,56,0.9974802221207973,0.002519777879202656
ALL_NRT_EXCEPT_SSS,125,629418,0.06846120730857312,0.29033865543550025,0.40008615368680656,3.311304770707892,multiple,1.1366132537304483,0.3519984940996371,MATERIAL,56,0.9974802221207973,0.002519777879202656
ALL_NRT_EXCEPT_SSS,150,629418,0.05429932319829233,0.2430410645323947,0.3339181776597638,3.4960453992792573,multiple,1.029793286930536,0.32425748147481176,MATERIAL,56,0.9974802221207973,0.002519777879202656
ALL_NRT_EXCEPT_SSS,200,629418,0.026790998407528296,0.1491071463462616,0.20801098887507039,3.1356137697534727,multiple,0.7491165045779936,0.27767508472163627,MATERIAL,56,0.9974802221207973,0.002519777879202656
ALL_NRT_EXCEPT_SSS,300,629418,0.005325296064820255,0.06543374312251389,0.09356579081351885,1.0724681590194987,multiple,0.5151570730458626,0.18162575204551065,MINOR,56,0.9974802221207973,0.002519777879202656
ALL_NRT_EXCEPT_SSS,500,629418,-0.0008769400374570749,0.03908859755404805,0.059777058768441506,1.2597177884724324,multiple,0.3727826871859652,0.16035363449864642,MINOR,56,0.9974802221207973,0.002519777879202656
ALL_NRT_EXCEPT_SSS,700,629418,-0.002762266263221892,0.037126674532635025,0.05857200942261377,1.3878484174376897,multiple,0.3685576706461466,0.15892223683725457,MINOR,56,0.9974802221207973,0.002519777879202656
ALL_NRT_EXCEPT_SSS,1000,629418,-0.003501316004690284,0.032176473599712395,0.05055747442279816,1.1457459119831626,multiple,0.3865029658994667,0.1308074682043932,MINOR,56,0.9974802221207973,0.002519777879202656
