depth_m,model,n,rmse,mae,bias,correlation,nrmse,truth_std,anomaly_rmse,anomaly_correlation
0,L0_climatology,3997824,0.5912545389868311,0.4328499655216221,0.01336983052510035,0.9342877152713639,0.35684649529648055,1.656887616328125,,
5,L0_climatology,3997824,0.5824692963282667,0.421530777513907,0.015645776854777582,0.9345600046285166,0.3562909010166543,1.6348138407863524,,
10,L0_climatology,3958693,0.5876696887804825,0.42297995059380156,0.01208309404493079,0.9315740584380414,0.3640790077266263,1.6141268139846785,,
20,L0_climatology,3906279,0.6245309096424866,0.438891030022515,-0.006359875754791006,0.921050053998917,0.39043931400045107,1.5995594891393674,,
30,L0_climatology,3817965,0.7141199124515172,0.4928263646727736,-0.06447372512174723,0.9002769079727532,0.4390696508692325,1.6264387917446896,,
50,L0_climatology,3671493,1.019214171652347,0.7357027158088847,-0.2923366050342863,0.8433308034662808,0.5662718879680536,1.7998671544681137,,
75,L0_climatology,3530406,1.5352916448138505,1.171588856257743,-0.5886644975794055,0.7326818258469786,0.7520943623714175,2.0413550767392343,,
100,L0_climatology,3461478,1.8737074296686187,1.4381577398935892,-0.7705562309463525,0.627490746352672,0.8919636321481199,2.100654513408984,,
125,L0_climatology,3446759,1.785952512025956,1.377384574436889,-0.7292614578607732,0.6636161254363293,0.8513609679288401,2.097761794707075,,
150,L0_climatology,3433835,1.5030229480933646,1.1507678780910373,-0.5590617324214093,0.7517048499162909,0.7228215868610277,2.0793830392095654,,
200,L0_climatology,3408346,0.9885820244142238,0.7245489579551365,-0.3154947509245274,0.8656721688184814,0.5297179010909154,1.8662424327709355,,
300,L0_climatology,3384652,0.5757581240892153,0.4083841729879987,-0.12961732609846208,0.9347401130551215,0.364697536581788,1.5787277574881409,,
500,L0_climatology,3332597,0.39216900257890536,0.2696017697675811,-0.06739166415976233,0.9525625047296588,0.3089886847393875,1.269201825010761,,
700,L0_climatology,3293466,0.3790723529093419,0.2746502397629873,-0.06332994961544319,0.9510897771227995,0.31372276672535665,1.208303614258236,,
1000,L0_climatology,3213409,0.40189205211853674,0.28841286311470515,-0.02957417156754863,0.9191093576900934,0.39726083817915986,1.011657866807622,,
0,L1_pointwise,3997824,0.4761999718974302,0.34750843295982736,-0.10788501897327933,0.960458054238049,0.28740631965899427,1.656887616328125,0.4761999718974302,0.6283760940462483
5,L1_pointwise,3997824,0.47640601632498464,0.3450800746460188,-0.09892116544814077,0.9590361148545944,0.291413006447163,1.6348138407863524,0.47640601632498464,0.6122649559414567
10,L1_pointwise,3958693,0.48803961661598766,0.34991374624412924,-0.09953269768073696,0.955790861471178,0.30235518819689233,1.6141268139846785,0.48803961661598766,0.5969272939953093
20,L1_pointwise,3906279,0.554508429390111,0.379171700467408,-0.09497922334836534,0.9411660730711634,0.34666321143733186,1.5995594891393674,0.554508429390111,0.5304043899167815
30,L1_pointwise,3817965,0.6223254626827983,0.4208338007372443,-0.08693546646824522,0.9271349937129486,0.38263073030570455,1.6264387917446896,0.6223254626827983,0.5412763622906919
50,L1_pointwise,3671493,0.7691114841863136,0.5469135534177396,-0.10847352885202971,0.9071585560876136,0.42731569509283973,1.7998671544681137,0.7691114841863136,0.6361628200615315
75,L1_pointwise,3530406,1.067168765590056,0.8025078618502756,-0.241113573179923,0.862228026902754,0.5227746891024474,2.0413550767392343,1.067168765590056,0.6833275553701138
100,L1_pointwise,3461478,1.2916726673917158,0.9832500562997049,-0.42740407152296817,0.8199379907176069,0.6148905777445354,2.100654513408984,1.2916726673917158,0.70252910336268
125,L1_pointwise,3446759,1.2755810587427372,0.9760384632029927,-0.35550359965099876,0.8172774022454339,0.6080676375941223,2.097761794707075,1.2755810587427372,0.6724907034235836
150,L1_pointwise,3433835,1.147556824774352,0.8759172561476449,-0.2086867517672075,0.8410313580758939,0.5518737063521361,2.0793830392095654,1.147556824774352,0.6256388973119902
200,L1_pointwise,3408346,0.84039611789997,0.614155574148814,-0.1153392889844915,0.8950170194566013,0.4503145481759181,1.8662424327709355,0.84039611789997,0.5451785711224572
300,L1_pointwise,3384652,0.5458544771173133,0.38371471232506443,-0.022960376521878066,0.9387693819240234,0.34575592563584456,1.5787277574881409,0.5458544771173133,0.34248088019282225
500,L1_pointwise,3332597,0.40222068381710063,0.26806392982478294,0.010422104912788827,0.9489976994778626,0.3169083717742766,1.269201825010761,0.40222068381710063,0.2029788516423995
700,L1_pointwise,3293466,0.38092924513640253,0.2751416856990305,-0.011687522235173687,0.9492591314142071,0.3152595429173244,1.208303614258236,0.38092924513640253,0.22059054655024984
1000,L1_pointwise,3213409,0.3999932135492814,0.2875708472387688,-0.02728448738073951,0.9194657803167705,0.3953838809275474,1.011657866807622,0.3999932135492814,0.2299598174977647
0,L2_spatial,3997824,0.44968860003276007,0.32200971536857176,0.04071994849383199,0.9634485754389375,0.2714056135136839,1.656887616328125,0.44968860003276007,0.6706356710667816
5,L2_spatial,3997824,0.4517784241309625,0.3229013397189372,0.05364825408712678,0.9622819010175842,0.276348543705536,1.6348138407863524,0.4517784241309625,0.659005099326025
10,L2_spatial,3958693,0.4580412010685926,0.3229513993684177,0.05083526181906193,0.9600516244026862,0.2837702695353033,1.6141268139846785,0.4580412010685926,0.6511772841493881
20,L2_spatial,3906279,0.5109414362863222,0.3499134216845737,0.05299487979472069,0.9486703313054896,0.3194263419119416,1.5995594891393674,0.5109414362863222,0.6095456861324399
30,L2_spatial,3817965,0.5930868816973384,0.3968855846541604,0.004370796201323095,0.9316068696704344,0.36465367446206254,1.6264387917446896,0.5930868816973384,0.5790582764054291
50,L2_spatial,3671493,0.8089663930245146,0.558190130156466,-0.1574786034586795,0.9010042324122836,0.44945894535398395,1.7998671544681137,0.8089663930245146,0.6149968796228383
75,L2_spatial,3530406,1.0978774538487353,0.7922929717649481,-0.2669972805770349,0.8664877754149926,0.5378179751081981,2.0413550767392343,1.0978774538487353,0.6849679953014282
100,L2_spatial,3461478,1.2270993542743913,0.9206990962670126,-0.290977214009927,0.8446940201888158,0.5841509617319367,2.100654513408984,1.2270993542743913,0.7307123803718049
125,L2_spatial,3446759,1.1850438863901516,0.9028058075234536,-0.1875337608281066,0.8444962901071359,0.5649086990621008,2.097761794707075,1.1850438863901516,0.7163563675327375
150,L2_spatial,3433835,1.062307430557787,0.8056183603022155,-0.0792042844402222,0.8642609914247064,0.5108762601822516,2.0793830392095654,1.062307430557787,0.682330629910381
200,L2_spatial,3408346,0.7813174098287452,0.5697648962851222,-0.022461364875911584,0.9083326242867001,0.41865804576561405,1.8662424327709355,0.7813174098287452,0.6022186864529054
300,L2_spatial,3384652,0.5271070593567715,0.37697163620360197,0.006123611736466886,0.9426246942782921,0.33388090939468457,1.5787277574881409,0.5271070593567715,0.3917984709534187
500,L2_spatial,3332597,0.38036026287522146,0.26397852147223105,0.007548157934536166,0.9540569031428093,0.29968461704031707,1.269201825010761,0.38036026287522146,0.28691349110501635
700,L2_spatial,3293466,0.3919666850874577,0.2850031043942067,-0.015871485033593785,0.9466630333153683,0.3243942006480562,1.208303614258236,0.3919666850874577,0.17616730593194802
1000,L2_spatial,3213409,0.41127568896759537,0.2941585086077996,0.003910071048689013,0.9150061439134975,0.40653634243503,1.011657866807622,0.41127568896759537,0.16661818548733792
0,L3_control_1d,3997824,0.45999254987454485,0.32926423134381994,0.06458296552203611,0.9615151619021574,0.27762447213767416,1.656887616328125,0.45999254987454485,0.6470878109315119
5,L3_control_1d,3997824,0.456426230913134,0.3236228650825652,0.07832541807436845,0.9614449581072614,0.2791915626880129,1.6348138407863524,0.456426230913134,0.6433169572669308
10,L3_control_1d,3958693,0.46559441052663136,0.327383153637604,0.08197980506312508,0.9588816821559685,0.2884497094607158,1.6141268139846785,0.46559441052663136,0.633892330021999
20,L3_control_1d,3906279,0.5196098447224408,0.3535549541197877,0.07873697743917463,0.9470520131491665,0.32484558920782214,1.5995594891393674,0.5196098447224408,0.5835812582681535
30,L3_control_1d,3817965,0.6053294411480277,0.4032410975124599,0.0352808794640036,0.9290401862823713,0.3721808925245121,1.6264387917446896,0.6053294411480277,0.5531531900968999
50,L3_control_1d,3671493,0.7952044266935433,0.551354215814605,-0.07699197632539419,0.9019162426830714,0.4418128441976805,1.7998671544681137,0.7952044266935433,0.6088558505372984
75,L3_control_1d,3530406,1.0227034298477176,0.7462558983962231,-0.06986300548447731,0.8745498475601683,0.5009924248364163,2.0413550767392343,1.0227034298477176,0.7025874952512803
100,L3_control_1d,3461478,1.1939772835763693,0.9078219043479857,-0.22849771395932209,0.8416113939289801,0.5683834614187744,2.100654513408984,1.1939772835763693,0.7321608785622783
125,L3_control_1d,3446759,1.1845556306098368,0.9076921678838188,-0.29068919366656526,0.8421744379565186,0.5646759482409415,2.097761794707075,1.1845556306098368,0.7184176783536315
150,L3_control_1d,3433835,1.0754917969240538,0.8167413352323036,-0.23259423095718987,0.8636654708601595,0.5172167785560471,2.0793830392095654,1.0754917969240538,0.6759101534836303
200,L3_control_1d,3408346,0.7953554654048705,0.5823374509050344,-0.16233393850520514,0.9088386316745554,0.42618014221440287,1.8662424327709355,0.7953554654048705,0.586232808878765
300,L3_control_1d,3384652,0.5348580514204754,0.3788823259151937,-0.05497891729452244,0.9415212335659112,0.3387905539023837,1.5787277574881409,0.5348580514204754,0.3612186297828166
500,L3_control_1d,3332597,0.3768805051315025,0.2595716207887118,-0.018627340410121786,0.9550861306110338,0.2969429272041167,1.269201825010761,0.3768805051315025,0.2784721544306867
700,L3_control_1d,3293466,0.36965395014151353,0.2648950880102491,-0.010832004523248643,0.952646002314052,0.3059280347915205,1.208303614258236,0.36965395014151353,0.264648249320467
1000,L3_control_1d,3213409,0.40409459137210557,0.29006201469569964,0.012994381782967185,0.9188878727403846,0.39943799641203076,1.011657866807622,0.40409459137210557,0.1974398653145058
0,L3_selected,3997824,0.43847782157260845,0.311198699423978,0.0406687400210145,0.9646598490292958,0.2646394464244542,1.656887616328125,0.43847782157260845,0.6769457623725225
5,L3_selected,3997824,0.4330351838709871,0.30274453078247665,0.016807975545471643,0.9643402412737876,0.2648834827962402,1.6348138407863524,0.4330351838709871,0.6720549610896198
10,L3_selected,3958693,0.4415760844200004,0.30577870891321046,0.021121114356622554,0.9619471603351026,0.2735696356656844,1.6141268139846785,0.4415760844200004,0.6633921659805315
20,L3_selected,3906279,0.5080122042178427,0.3366569679986822,0.03233410216313098,0.9485570581490342,0.3175950676840255,1.5995594891393674,0.5080122042178427,0.5977112580733801
30,L3_selected,3817965,0.6004356537365504,0.39067815212337303,0.0480443560375902,0.9308578970263538,0.3691719951492671,1.6264387917446896,0.6004356537365504,0.5627242630802639
50,L3_selected,3671493,0.7438541409579591,0.5156190521714359,-0.007638112217931898,0.9117728068389482,0.4132828020731222,1.7998671544681137,0.7438541409579591,0.6510620099866243
75,L3_selected,3530406,1.0046744330760786,0.7395939388184775,-0.12259362398921732,0.8798652628681138,0.49216054792432234,2.0413550767392343,1.0046744330760786,0.7158185129688459
100,L3_selected,3461478,1.1573925073647577,0.8822583096342791,-0.27432295919048894,0.8529644570779493,0.5509675674780611,2.100654513408984,1.1573925073647577,0.7559930913850041
125,L3_selected,3446759,1.160420704701641,0.8868484074412426,-0.3267541838841991,0.8506686542237509,0.5531708641226725,2.097761794707075,1.160420704701641,0.7388313705086149
150,L3_selected,3433835,1.0683552008712176,0.8065832650103485,-0.25985192129621787,0.8670226650139108,0.5137847047542192,2.0793830392095654,1.0683552008712176,0.6910716855236043
200,L3_selected,3408346,0.8157268170908283,0.589473751633796,-0.23378043928433712,0.9089896070125101,0.43709584712403304,1.8662424327709355,0.8157268170908283,0.5890270311439284
300,L3_selected,3384652,0.5365454603004555,0.3762238376978365,-0.07735492035690837,0.9417709373315963,0.3398593948548383,1.5787277574881409,0.5365454603004555,0.3786343103710328
500,L3_selected,3332597,0.3842729568246584,0.2642834149696525,0.015706752216804693,0.9531456103498294,0.3027674159083409,1.269201825010761,0.3842729568246584,0.26773861360781087
700,L3_selected,3293466,0.38102990934439784,0.2765842738186366,0.0030669610488821522,0.949229070552666,0.3153428532764158,1.208303614258236,0.38102990934439784,0.21212959945121987
1000,L3_selected,3213409,0.40619464740980926,0.29284284664504634,0.016856682446906173,0.9170762453674343,0.40151385239714815,1.011657866807622,0.40619464740980926,0.17962419409529218
0,L3_repeated_current,3997824,0.43827226578507594,0.31068145685243065,0.04085774138570375,0.9646967474573755,0.264515385030364,1.656887616328125,0.43827226578507594,0.6784559565020212
5,L3_repeated_current,3997824,0.4370941179170474,0.30622938214141004,0.016892242339556503,0.9636542637708946,0.2673662939547926,1.6348138407863524,0.4370941179170474,0.6662938257762245
10,L3_repeated_current,3958693,0.4462142558101546,0.30966871021675707,0.021123451404323167,0.9611239164481503,0.2764431220299337,1.6141268139846785,0.4462142558101546,0.6564069290886595
20,L3_repeated_current,3906279,0.5123187906665647,0.3405695659701817,0.03198344496485281,0.9476382708177578,0.3202874254725059,1.5995594891393674,0.5123187906665647,0.5918299228175204
30,L3_repeated_current,3817965,0.604235730595149,0.39444674945906844,0.047219150156965296,0.9298974931245814,0.3715084352771629,1.6264387917446896,0.604235730595149,0.5578558303184912
50,L3_repeated_current,3671493,0.7470415238320425,0.5184990970623781,-0.008349049554056142,0.9109831803894112,0.4150537010342876,1.7998671544681137,0.7470415238320425,0.6478024467022765
75,L3_repeated_current,3530406,1.0093766513455533,0.7431266580187841,-0.12409437905153989,0.8788399295873924,0.4944640267865033,2.0413550767392343,1.0093766513455533,0.7131834749764011
100,L3_repeated_current,3461478,1.1625152119651827,0.8865154566184633,-0.2758198609125128,0.8518165420614624,0.5534061905680197,2.100654513408984,1.1625152119651827,0.7538618501936767
125,L3_repeated_current,3446759,1.1656165813927488,0.8915466225530768,-0.32784945351837624,0.8493619743807647,0.5556477309929805,2.097761794707075,1.1656165813927488,0.7365820715933888
150,L3_repeated_current,3433835,1.072815584887738,0.8103206122890194,-0.2607600849469199,0.8658355344724064,0.5159297564029122,2.0793830392095654,1.072815584887738,0.688795266598975
200,L3_repeated_current,3408346,0.8183737184935713,0.5918966406513352,-0.23467864748812098,0.9083290690242058,0.43851415235397734,1.8662424327709355,0.8183737184935713,0.5868498681102259
300,L3_repeated_current,3384652,0.5376295354495406,0.3768923504602176,-0.07777670215323433,0.941538020766798,0.34054607129030556,1.5787277574881409,0.5376295354495406,0.37616550971569024
500,L3_repeated_current,3332597,0.3848836768852836,0.2646339355627519,0.015576946174625196,0.9529915795551176,0.3032486002626259,1.269201825010761,0.3848836768852836,0.2654004076497406
700,L3_repeated_current,3293466,0.38150457295815393,0.2768429481707582,0.0030485675646179555,0.9491067728841107,0.315735687997884,1.208303614258236,0.38150457295815393,0.21040852174899766
1000,L3_repeated_current,3213409,0.40652451518167165,0.29305480525240424,0.016974457860890215,0.9169542957055515,0.40183991892881393,1.011657866807622,0.40652451518167165,0.17831131401471612
0,L3_reversed_history,3997824,0.4411440978637308,0.31317036002443477,0.0407110403343864,0.9642183572691613,0.26624865411292203,1.656887616328125,0.4411440978637308,0.6721634907811034
5,L3_reversed_history,3997824,0.43420253426676775,0.3034706603245727,0.016864069437361788,0.9641466197199836,0.26559753987519125,1.6348138407863524,0.43420253426676775,0.6697546387180049
10,L3_reversed_history,3958693,0.4423539576834087,0.3062960726353831,0.02117000203937,0.9618130676349975,0.2740515514957597,1.6141268139846785,0.4423539576834087,0.661756882722744
20,L3_reversed_history,3906279,0.5087244698076322,0.33700906381708445,0.03244156741928689,0.9484176888119407,0.31804035627418153,1.5995594891393674,0.5087244698076322,0.5959904402958891
30,L3_reversed_history,3817965,0.6011957051165233,0.3906956234353129,0.047990159247556584,0.9306894814512118,0.3696393053141689,1.6264387917446896,0.6011957051165233,0.5611552196187949
50,L3_reversed_history,3671493,0.7449241686516505,0.5159006093938703,-0.008249853840325798,0.9115272590910668,0.41387730577915127,1.7998671544681137,0.7449241686516505,0.6499344611060024
75,L3_reversed_history,3530406,1.0059425183303328,0.7403605807433706,-0.12327764255232855,0.8795916506860603,0.4927817457103928,2.0413550767392343,1.0059425183303328,0.7151297916835263
100,L3_reversed_history,3461478,1.1592265050516553,0.8831606597393504,-0.27487206554926774,0.8525550365833858,0.5518406276006041,2.100654513408984,1.1592265050516553,0.7552333471902118
125,L3_reversed_history,3446759,1.1627232665509146,0.8879721840681523,-0.32697183470981106,0.8500787837768257,0.5542684920111598,2.097761794707075,1.1627232665509146,0.7378004097776062
150,L3_reversed_history,3433835,1.0704447106785782,0.8078380369956335,-0.2598551176329783,0.8664410058294931,0.5147895748372968,2.0793830392095654,1.0704447106785782,0.6899726545456148
200,L3_reversed_history,3408346,0.8165824000483667,0.5899090932009637,-0.23373317829108506,0.9087337464049848,0.43755429932858825,1.8662424327709355,0.8165824000483667,0.5884219789528404
300,L3_reversed_history,3384652,0.5363316790882173,0.3763180908257643,-0.07739104086200312,0.9418205255662633,0.3397239812528261,1.5787277574881409,0.5363316790882173,0.37965124864242167
500,L3_reversed_history,3332597,0.3841861974097766,0.26430491663793804,0.01574874920044343,0.9531677883650189,0.3026990584468465,1.269201825010761,0.3841861974097766,0.2684943302435528
700,L3_reversed_history,3293466,0.38114142234408993,0.27664258001394443,0.003402654204473349,0.9492033915159088,0.3154351421667048,1.208303614258236,0.38114142234408993,0.2118631628386259
1000,L3_reversed_history,3213409,0.4061383803587916,0.2927896731897288,0.017234468244051244,0.917114794030213,0.40145823374101564,1.011657866807622,0.4061383803587916,0.18022094209469144
