depth_m,mode,n,rmse,mae,bias,correlation,nrmse,truth_std,anomaly_rmse,anomaly_correlation
0,A_COMPLETE,4031232,0.44928251339200126,0.3216995172490997,0.04056208781193144,0.9637128681239725,0.27035891817743307,1.661800233632918,0.44928251339200126,0.6701212487602013
5,A_COMPLETE,4031232,0.4513147761554204,0.3225603690342321,0.053398162456206065,0.9625491957467569,0.27530093777128667,1.6393506677059044,0.4513147761554204,0.6585503467185421
10,A_COMPLETE,3991774,0.4574916550243218,0.3225838564197217,0.05055076750855649,0.960329660382848,0.28274252678470224,1.6180503874915302,0.4574916550243218,0.6507819067158355
20,A_COMPLETE,3938922,0.5101127032503583,0.3494165810427248,0.05278173275652327,0.9490188183169518,0.31833720626826945,1.602428786852127,0.5101127032503583,0.60938841755061
30,A_COMPLETE,3849870,0.5918399914156878,0.396178085712917,0.004532438245727587,0.9320017845909678,0.3636047125853591,1.627701652180178,0.5918399914156878,0.5792458192135002
50,A_COMPLETE,3702174,0.8070358125020702,0.5568342693983328,-0.15566177015004737,0.901245543711579,0.44870641640410375,1.7985831782161457,0.8070358125020702,0.6150914648699812
75,A_COMPLETE,3559908,1.096256476602329,0.791200158799675,-0.26390501011515644,0.8666256942766317,0.5371208093909324,2.0409867900024725,1.096256476602329,0.685109248233267
100,A_COMPLETE,3490404,1.2254870754085887,0.9196049521341297,-0.2874292839844976,0.8447909972688551,0.5834780095852338,2.100314074012366,1.2254870754085887,0.7308512596062475
125,A_COMPLETE,3475562,1.18343125002835,0.9016748501529346,-0.1847895134857085,0.8444095144603839,0.5647714866378064,2.095416071858628,1.18343125002835,0.7165525781937855
150,A_COMPLETE,3462530,1.060766949754188,0.804509593899563,-0.07746791563433224,0.864193420966382,0.5109056893870827,2.0762480665007987,1.060766949754188,0.6824231587041284
200,A_COMPLETE,3436828,0.7803461767610109,0.5691848507020956,-0.02158901084511691,0.9083789630547645,0.41854324527736886,1.8644338083723584,0.7803461767610109,0.6019177977575588
300,A_COMPLETE,3412936,0.5267509859056732,0.3766957706162102,0.006230457620886055,0.9426495778998031,0.33380988371956,1.5779969725168672,0.5267509859056732,0.39120200061043814
500,A_COMPLETE,3360446,0.3797069827317677,0.2635550305061411,0.007314361026295196,0.9541874818412229,0.2992649536795814,1.2687986951466237,0.3797069827317677,0.28713989636910026
700,A_COMPLETE,3320988,0.391449026135723,0.2846178559038255,-0.016380325884181476,0.9467913454533016,0.32401955971127805,1.2081030740382739,0.391449026135723,0.1766540805818209
1000,A_COMPLETE,3240262,0.41064359621180047,0.2937033833998746,0.0033750800585752427,0.915265384781298,0.4058885149203668,1.0117152398174325,0.41064359621180047,0.16703038828202327
0,B_SSS_MISSING,4031232,0.5425955905537085,0.39483752976845393,-0.10821004079043937,0.9570651607211096,0.32651071986403674,1.661800233632918,0.5425955905537085,0.5981560234330409
5,B_SSS_MISSING,4031232,0.5388314258551489,0.39247158474360777,-0.0971015179532726,0.9554325873598035,0.32868588549708266,1.6393506677059044,0.5388314258551489,0.5903961286257916
10,B_SSS_MISSING,3991774,0.5443295991660823,0.39497301081875946,-0.1060729179873098,0.9529924355767783,0.33641078385077894,1.6180503874915302,0.5443295991660823,0.5856315505309501
20,B_SSS_MISSING,3938922,0.6069064868481936,0.431148176899999,-0.12499373886556574,0.9372079470726927,0.3787416276017009,1.602428786852127,0.6069064868481936,0.5404586899796343
30,B_SSS_MISSING,3849870,0.7114015700802163,0.49333468358075816,-0.17476012329167037,0.9165750851427606,0.4370589469681683,1.627701652180178,0.7114015700802163,0.5042054537458341
50,B_SSS_MISSING,3702174,0.9707237162370443,0.6831696536173811,-0.3225237471816577,0.8837463665606414,0.539715776281094,1.7985831782161457,0.9707237162370443,0.567406310758208
75,B_SSS_MISSING,3559908,1.2637309009500934,0.914568691491246,-0.4245519172435848,0.8538546596042508,0.6191764234537561,2.0409867900024725,1.2637309009500934,0.6848040910492792
100,B_SSS_MISSING,3490404,1.3628557134268253,1.0365329912288792,-0.4293258049691322,0.8287270342411641,0.6488818649980638,2.100314074012366,1.3628557134268253,0.7397673432219652
125,B_SSS_MISSING,3475562,1.3162245183560217,1.0210618359182098,-0.29109757240023926,0.8076198717781716,0.6281447088398698,2.095416071858628,1.3162245183560217,0.7083335250922405
150,B_SSS_MISSING,3462530,1.1758308608351258,0.910627898257325,-0.15158232638088587,0.8285483033668392,0.5663248432624963,2.0762480665007987,1.1758308608351258,0.6597125601528484
200,B_SSS_MISSING,3436828,0.8441303027428592,0.630358229579707,-0.07171474923414302,0.8941752586559272,0.45275423506709567,1.8644338083723584,0.8441303027428592,0.5787303506945525
300,B_SSS_MISSING,3412936,0.5573884710735022,0.4078042699125039,-0.02344066808535009,0.9378584236548628,0.3532253108093617,1.5779969725168672,0.5573884710735022,0.3539818432152368
500,B_SSS_MISSING,3360446,0.40584211454311325,0.2895043914679436,-0.009826593985554456,0.9492937816080147,0.3198632817763213,1.2687986951466237,0.40584211454311325,0.24620656652553666
700,B_SSS_MISSING,3320988,0.41500472809456757,0.31314424550680153,-0.0388661574009948,0.9399088650310967,0.34351764929075895,1.2081030740382739,0.41500472809456757,0.1583249410039659
1000,B_SSS_MISSING,3240262,0.42346297181658465,0.31068467192704674,-0.023701452058302964,0.908491932652171,0.4185594475111396,1.0117152398174325,0.42346297181658465,0.16634458821196235
0,C_SSS_SPATIAL_GAPS,4031232,0.4821037514332259,0.34710018848033575,-0.024473600727869266,0.9603559239869068,0.2901093294344306,1.661800233632918,0.4821037514332259,0.6384223191854627
5,C_SSS_SPATIAL_GAPS,4031232,0.48151286949097183,0.3466004904255273,-0.012520619543459222,0.95906825116131,0.293721702730507,1.6393506677059044,0.48151286949097183,0.6282710701526264
10,C_SSS_SPATIAL_GAPS,3991774,0.4869455291339256,0.3472060487513154,-0.01794231587374548,0.9568405575666424,0.3009458375946123,1.6180503874915302,0.4869455291339256,0.6212838556393089
20,C_SSS_SPATIAL_GAPS,3938922,0.5423882038082017,0.37674499944456996,-0.024555814441338555,0.9438965675393077,0.3384788193138305,1.602428786852127,0.5423882038082017,0.5779508653604656
30,C_SSS_SPATIAL_GAPS,3849870,0.6351523388996152,0.4305601729559918,-0.07432275754508144,0.9251649336766926,0.39021422510008436,1.627701652180178,0.6351523388996152,0.5435733777133889
50,C_SSS_SPATIAL_GAPS,3702174,0.8736193855653034,0.6072623062190203,-0.23383583573643515,0.8935385332578113,0.485726429639895,1.7985831782161457,0.8736193855653034,0.5907167764023217
75,C_SSS_SPATIAL_GAPS,3559908,1.1631969721409994,0.8402345008476737,-0.3458369617788452,0.8623515825641873,0.5699189126743883,2.0409867900024725,1.1631969721409994,0.6834259271690314
100,C_SSS_SPATIAL_GAPS,3490404,1.2812167200263318,0.9670569032609916,-0.36561630416955754,0.8398464852612033,0.6100119672000962,2.100314074012366,1.2812167200263318,0.7334826448700701
125,C_SSS_SPATIAL_GAPS,3475562,1.2390929736208545,0.951792652082407,-0.24796909769979733,0.8305340585614907,0.5913350528622139,2.095416071858628,1.2390929736208545,0.7121015067689846
150,C_SSS_SPATIAL_GAPS,3462530,1.1096008347668211,0.8487045567086793,-0.1240844110018643,0.8497853830923147,0.534425944890528,2.0762480665007987,1.1096008347668211,0.6720212281838428
200,C_SSS_SPATIAL_GAPS,3436828,0.807292086007459,0.5941084348010349,-0.05051779097996068,0.9019420092132756,0.4329958416234798,1.8644338083723584,0.807292086007459,0.5915775843663018
300,C_SSS_SPATIAL_GAPS,3412936,0.5385986974960777,0.3888572050983363,-0.007901503110489328,0.9403775348481213,0.3413179536314482,1.5779969725168672,0.5385986974960777,0.3754650873848645
500,C_SSS_SPATIAL_GAPS,3360446,0.3901570716302042,0.2742175284372676,0.0011375800365494447,0.9518438545388463,0.3075011608402681,1.2687986951466237,0.3901570716302042,0.2662638055427735
700,C_SSS_SPATIAL_GAPS,3320988,0.40087657354446143,0.2962295604425546,-0.02380905581734996,0.9436431845724478,0.3318231549601713,1.2081030740382739,0.40087657354446143,0.16517746099198824
1000,C_SSS_SPATIAL_GAPS,3240262,0.4159783058090363,0.30064160191699896,-0.006292349036097341,0.9120761844388955,0.4111614508091239,1.0117152398174325,0.4159783058090363,0.16408216624576571
0,D_CURRENT_STALE_1D,4031232,0.4497197678190428,0.3221538274950929,0.04051074972401551,0.9636321749601704,0.2706220391098966,1.661800233632918,0.4497197678190428,0.6693546784216612
5,D_CURRENT_STALE_1D,4031232,0.45158644073263426,0.32288880841021944,0.05335948109688769,0.9624935433023482,0.27546665251588975,1.6393506677059044,0.45158644073263426,0.6580011191225423
10,D_CURRENT_STALE_1D,3991774,0.45771455091387503,0.32287088495838145,0.05044870371200489,0.9602797349243533,0.28288028262424614,1.6180503874915302,0.45771455091387503,0.6503127901909935
20,D_CURRENT_STALE_1D,3938922,0.5104314154608789,0.3496629511520025,0.0526783573832326,0.9489444864127028,0.3185360994815814,1.602428786852127,0.5104314154608789,0.6087523136644529
30,D_CURRENT_STALE_1D,3849870,0.5920856305210314,0.39627643442104227,0.004500849124312245,0.9319370579755037,0.36375562421281527,1.627701652180178,0.5920856305210314,0.5787113891170176
50,D_CURRENT_STALE_1D,3702174,0.8069337965397421,0.5568981525766888,-0.1552049066466881,0.9012186879426617,0.4486496962237064,1.7985831782161457,0.8069337965397421,0.6148460753057928
75,D_CURRENT_STALE_1D,3559908,1.0960147201417028,0.7912445460402572,-0.2626337298791116,0.8665567592674287,0.5370023586190752,2.0409867900024725,1.0960147201417028,0.6849146769969737
100,D_CURRENT_STALE_1D,3490404,1.224643792708619,0.9190030047636871,-0.28546402912778124,0.8448562994584208,0.5830765064432019,2.100314074012366,1.224643792708619,0.7309961213013445
125,D_CURRENT_STALE_1D,3475562,1.182243854126595,0.9008530438653871,-0.18272012954554046,0.8445716769727616,0.5642048230917442,2.095416071858628,1.182243854126595,0.7169481655031427
150,D_CURRENT_STALE_1D,3462530,1.060068781484023,0.8041344037436073,-0.07580391109106614,0.8642893690958837,0.5105694250064291,2.0762480665007987,1.060068781484023,0.6826875777866134
200,D_CURRENT_STALE_1D,3436828,0.7798423416626631,0.5690166354688782,-0.02079576015014551,0.9084880797530381,0.41827301036954573,1.8644338083723584,0.7798423416626631,0.6022453410971471
300,D_CURRENT_STALE_1D,3412936,0.5265368658857753,0.3766812697788098,0.006556410365752304,0.9426989006080466,0.33367419269883747,1.5779969725168672,0.5265368658857753,0.3917611015988812
500,D_CURRENT_STALE_1D,3360446,0.3798172024679535,0.2636730037515057,0.0074874158208892505,0.9541610760588057,0.29935182304397107,1.2687986951466237,0.3798172024679535,0.28682086207051477
700,D_CURRENT_STALE_1D,3320988,0.39150827412538663,0.28472710074695734,-0.016218135492911668,0.9467726417082574,0.32406860187575626,1.2081030740382739,0.39150827412538663,0.17668872343874106
1000,D_CURRENT_STALE_1D,3240262,0.41079031062990545,0.2938192475878224,0.0035069950662628955,0.9152047065593328,0.4060335304468024,1.0117152398174325,0.41079031062990545,0.1663452652843641
0,E_CURRENT_STALE_2D,4031232,0.4502541931309402,0.32260736689993275,0.04053418915453968,0.9635368090129465,0.27094363330700955,1.661800233632918,0.4502541931309402,0.6683413063175477
5,E_CURRENT_STALE_2D,4031232,0.45194493866240865,0.32321547706460496,0.05340619309640315,0.9624249756261105,0.2756853353985924,1.6393506677059044,0.45194493866240865,0.6572115699858633
10,E_CURRENT_STALE_2D,3991774,0.45803382479340043,0.32316534394546065,0.05042886867882826,0.9602145414522656,0.28307760273367755,1.6180503874915302,0.45803382479340043,0.6495931814943068
20,E_CURRENT_STALE_2D,3938922,0.5108736663885441,0.349959036240439,0.05267007734455516,0.9488465888690711,0.3188120873640345,1.602428786852127,0.5108736663885441,0.6078033304406887
30,E_CURRENT_STALE_2D,3849870,0.5924758370358351,0.3964336509307122,0.004604489901093261,0.9318372446572838,0.3639953527369469,1.627701652180178,0.5924758370358351,0.5778123397274604
50,E_CURRENT_STALE_2D,3702174,0.8071652427039808,0.5571024685998499,-0.15448596345997148,0.9010853512917589,0.4487783787150373,1.7985831782161457,0.8071652427039808,0.6140191755441841
75,E_CURRENT_STALE_2D,3559908,1.0966640412690736,0.7918767340048899,-0.2610462028036782,0.8662147601398855,0.5373204993981098,2.0409867900024725,1.0966640412690736,0.6839617079880622
100,E_CURRENT_STALE_2D,3490404,1.2256993919775003,0.9198032629920696,-0.28337809349685644,0.84436631889227,0.5835790975946599,2.100314074012366,1.2256993919775003,0.7300973845535185
125,E_CURRENT_STALE_2D,3475562,1.183164313067815,0.9014380048587906,-0.1808456180519047,0.8441460174719979,0.5646440957276574,2.095416071858628,1.183164313067815,0.716153491539565
150,E_CURRENT_STALE_2D,3462530,1.0609185605816949,0.8047565225107814,-0.07453077307186648,0.8639774701590677,0.5109787109252857,2.0762480665007987,1.0609185605816949,0.6818444882039287
200,E_CURRENT_STALE_2D,3436828,0.7799570905265795,0.5691257872043611,-0.020297008369661394,0.9084480335858885,0.41833455659521546,1.8644338083723584,0.7799570905265795,0.6017323764692295
300,E_CURRENT_STALE_2D,3412936,0.5264238526093663,0.37672764214544346,0.006840749144185904,0.9427254657349372,0.33360257451554737,1.5779969725168672,0.5264238526093663,0.3919261334699978
500,E_CURRENT_STALE_2D,3360446,0.37995709957788926,0.2638203343352136,0.007716045280892369,0.9541276288432056,0.2994620825441352,1.2687986951466237,0.37995709957788926,0.2862552467843052
700,E_CURRENT_STALE_2D,3320988,0.3915569795863971,0.28483370674695146,-0.01598957168174264,0.9467541077198123,0.32410891752601584,1.2081030740382739,0.3915569795863971,0.17656753704897335
1000,E_CURRENT_STALE_2D,3240262,0.4109163966883787,0.29392877654860766,0.003687542154941553,0.9151505243069746,0.4061581564813929,1.0117152398174325,0.4109163966883787,0.16563403502667096
0,F_CURRENT_STALE_3D,4031232,0.4508467723644123,0.3230610551300737,0.04055085353348858,0.963431466536664,0.2713002220361955,1.661800233632918,0.4508467723644123,0.6671756316990758
5,F_CURRENT_STALE_3D,4031232,0.4523683601104713,0.32354494126997174,0.05347169054052501,0.9623452092203829,0.2759436214727093,1.6393506677059044,0.4523683601104713,0.6562493079604598
10,F_CURRENT_STALE_3D,3991774,0.4584315472837076,0.3234740441850039,0.05043119505867831,0.9601353693093237,0.2833234062595639,1.6180503874915302,0.4584315472837076,0.648682114727756
20,F_CURRENT_STALE_3D,3938922,0.5113857456625609,0.35029095381880326,0.05269782733764685,0.9487341403354288,0.3191316518140858,1.602428786852127,0.5113857456625609,0.6066541257337331
30,F_CURRENT_STALE_3D,3849870,0.5930088065843143,0.3967184639506376,0.004767410163448403,0.9317018460153442,0.3643227896156681,1.627701652180178,0.5930088065843143,0.5765842824668619
50,F_CURRENT_STALE_3D,3702174,0.8078691425952896,0.5575865899241295,-0.15369071244043947,0.900820711146869,0.4491697422615411,1.7985831782161457,0.8078691425952896,0.612586432243388
75,F_CURRENT_STALE_3D,3559908,1.0984298144438382,0.7931144481946396,-0.2593249748649866,0.8655680593451881,0.5381856559897223,2.0409867900024725,1.0984298144438382,0.682228050350273
100,F_CURRENT_STALE_3D,3490404,1.2286105659251128,0.9219195480510914,-0.2813215390619171,0.843361212566583,0.5849651636043263,2.100314074012366,1.2286105659251128,0.7282409478225844
125,F_CURRENT_STALE_3D,3475562,1.1857850020410343,0.9031743668314217,-0.17929071908991343,0.8432550603099321,0.5658947728644872,2.095416071858628,1.1857850020410343,0.7144134193495816
150,F_CURRENT_STALE_3D,3462530,1.062905721722653,0.8059839110162796,-0.07373047839551755,0.8633668263838788,0.5119358032751931,2.0762480665007987,1.062905721722653,0.6801654127285706
200,F_CURRENT_STALE_3D,3436828,0.780524441043435,0.5693972199162635,-0.020170464105727252,0.9082997483641981,0.41863885836999976,1.8644338083723584,0.780524441043435,0.6005602361995345
300,F_CURRENT_STALE_3D,3412936,0.5263660044875158,0.37678337327907097,0.0070457776156256265,0.9427394683847855,0.3335659153058923,1.5779969725168672,0.5263660044875158,0.39180365001297024
500,F_CURRENT_STALE_3D,3360446,0.38009335563489066,0.2639458806648131,0.007990865563674036,0.9540953607744879,0.29956947235902276,1.2687986951466237,0.38009335563489066,0.285571649429534
700,F_CURRENT_STALE_3D,3320988,0.39159586813738817,0.28492420637928556,-0.015696187930220772,0.9467359172535821,0.3241411072884846,1.2081030740382739,0.39159586813738817,0.17628119446549123
1000,F_CURRENT_STALE_3D,3240262,0.4110456895157176,0.2940495324633473,0.00391971897819108,0.9150929945142662,0.4062859521518053,1.0117152398174325,0.4110456895157176,0.16477531588564437
0,G_WIND_STALE_1D,4031232,0.4491779680003049,0.32151935498878287,0.0405972897938295,0.9637283506208772,0.27029600725132985,1.661800233632918,0.4491779680003049,0.6702503546824998
5,G_WIND_STALE_1D,4031232,0.45139717245357897,0.32261746923269785,0.05341613408345391,0.9625337366934114,0.2753511993167764,1.6393506677059044,0.45139717245357897,0.6583849269111121
10,G_WIND_STALE_1D,3991774,0.45756974154479,0.3226589732283885,0.05059739194667769,0.9603147125069763,0.2827907864193044,1.6180503874915302,0.45756974154479,0.6506245301653635
20,G_WIND_STALE_1D,3938922,0.5101251289256044,0.34953480809380505,0.052852134087670616,0.9490154342833038,0.31834496054437084,1.602428786852127,0.5101251289256044,0.6093640380594301
30,G_WIND_STALE_1D,3849870,0.5918730322276903,0.39630748689509393,0.004649486855997376,0.9319919465071023,0.3636250116444393,1.627701652180178,0.5918730322276903,0.5792245766652531
50,G_WIND_STALE_1D,3702174,0.8073601179381867,0.5570613515772502,-0.15563227884704367,0.9011604769517212,0.4488867280182923,1.7985831782161457,0.8073601179381867,0.6148326107990056
75,G_WIND_STALE_1D,3559908,1.0966741179614727,0.7913054789635527,-0.2639063355295709,0.8665412377995123,0.5373254365649981,2.0409867900024725,1.0966741179614727,0.6849041109089068
100,G_WIND_STALE_1D,3490404,1.2257129765616912,0.9195951687560007,-0.28707522242492056,0.8447331837164813,0.5835855654769443,2.100314074012366,1.2257129765616912,0.7307118212973174
125,G_WIND_STALE_1D,3475562,1.1836268600934268,0.9017461002596254,-0.18414065133163143,0.8443325289714237,0.5648648380574618,2.095416071858628,1.1836268600934268,0.7164079100863122
150,G_WIND_STALE_1D,3462530,1.060864545195453,0.804511798596974,-0.07678599172386898,0.8641442472599352,0.510952695061809,2.0762480665007987,1.060864545195453,0.6823474789195865
200,G_WIND_STALE_1D,3436828,0.7804271812820308,0.5692541060413013,-0.021235510651435825,0.9083542161985696,0.41858669252696074,1.8644338083723584,0.7804271812820308,0.601843484140659
300,G_WIND_STALE_1D,3412936,0.5268224211371781,0.3767864336357809,0.006301231725847166,0.9426337683784399,0.3338551532813837,1.5779969725168672,0.5268224211371781,0.391036359529901
500,G_WIND_STALE_1D,3360446,0.37976668101770217,0.26360497621695617,0.00731410834923613,0.95417271766391,0.29931200470994807,1.2687986951466237,0.37976668101770217,0.28685841866686507
700,G_WIND_STALE_1D,3320988,0.3914065576490361,0.28459769733942425,-0.01635059452045005,0.9468032558634429,0.3239844066787268,1.2081030740382739,0.3914065576490361,0.17690121914973267
1000,G_WIND_STALE_1D,3240262,0.4106627488452497,0.29371691721840154,0.0034226714897591403,0.9152597734919351,0.4059074457743221,1.0117152398174325,0.4106627488452497,0.1669517804087837
0,H_SLA_STALE_1D,4031232,0.44961600508713934,0.3218537092942323,0.040335295772734335,0.9636609143928258,0.2705595991548385,1.661800233632918,0.44961600508713934,0.6692988803328894
5,H_SLA_STALE_1D,4031232,0.4514640361283854,0.32251389314244405,0.05305524531320051,0.9625233423831644,0.2753919859990425,1.6393506677059044,0.4514640361283854,0.6579110303162807
10,H_SLA_STALE_1D,3991774,0.4577120097911055,0.32263000869331415,0.050221901150792,0.9602943408687176,0.2828787121399218,1.6180503874915302,0.4577120097911055,0.6500528902570295
20,H_SLA_STALE_1D,3938922,0.5102671626557423,0.34938280428412366,0.05226982467208465,0.9489873784382484,0.31843359707618013,1.602428786852127,0.5102671626557423,0.6086308444321334
30,H_SLA_STALE_1D,3849870,0.5919148636667089,0.3959251828454997,0.003899144827277423,0.9319966697203446,0.3636507113412864,1.627701652180178,0.5919148636667089,0.5788505428195893
50,H_SLA_STALE_1D,3702174,0.8067667396478196,0.5560123626907745,-0.15614697665512947,0.9013687509675699,0.4485568137293376,1.7985831782161457,0.8067667396478196,0.6156636883115444
75,H_SLA_STALE_1D,3559908,1.0949101977105475,0.7898254498795338,-0.2639188718729638,0.8669932955890457,0.5364611878302363,2.0409867900024725,1.0949101977105475,0.6861898174577387
100,H_SLA_STALE_1D,3490404,1.2241196662151526,0.9180201001592718,-0.2871660022214742,0.8451323458790609,0.5828269597206657,2.100314074012366,1.2241196662151526,0.7316112483472129
125,H_SLA_STALE_1D,3475562,1.182619569156566,0.9005305351039756,-0.1843146432565275,0.844594967066923,0.5643841263981457,2.095416071858628,1.182619569156566,0.7170819487244664
150,H_SLA_STALE_1D,3462530,1.0602678941365935,0.8039369826760557,-0.07701296509111487,0.8643137443332516,0.5106653252294242,2.0762480665007987,1.0602678941365935,0.6829250450013142
200,H_SLA_STALE_1D,3436828,0.7798755633726802,0.5685230836825002,-0.021022925114469175,0.9084915526893135,0.41829082902841574,1.8644338083723584,0.7798755633726802,0.6026084564949835
300,H_SLA_STALE_1D,3412936,0.5263842344360937,0.37642868959136067,0.006388817676900156,0.9427323002759547,0.33357746789369536,1.5779969725168672,0.5263842344360937,0.3925011197903471
500,H_SLA_STALE_1D,3360446,0.37924068235482916,0.2632617696785402,0.007326931033206858,0.9543027804482467,0.29889744039420196,1.2687986951466237,0.37924068235482916,0.2893723631613823
700,H_SLA_STALE_1D,3320988,0.39119485111281166,0.2843990726327414,-0.0162941875417449,0.9468561227079346,0.3238091678760336,1.2081030740382739,0.39119485111281166,0.17768195510038107
1000,H_SLA_STALE_1D,3240262,0.4105217876498614,0.2935451650991862,0.0034271602089525214,0.9153122302895776,0.40576811685068764,1.0117152398174325,0.4105217876498614,0.16764733936856904
0,I_SSS_MISSING_CURRENT_STALE_2D,4031232,0.5429631198858763,0.39510157183222594,-0.10782757914047642,0.9569414452994468,0.32673188322936153,1.661800233632918,0.5429631198858763,0.5968330121384587
5,I_SSS_MISSING_CURRENT_STALE_2D,4031232,0.5390142798453391,0.3925491960354775,-0.09672898252673702,0.955343695991823,0.32879742599527645,1.6393506677059044,0.5390142798453391,0.5893346904254076
10,I_SSS_MISSING_CURRENT_STALE_2D,3991774,0.5444909584183737,0.3950902411508245,-0.10582286810973926,0.952915387672672,0.3365105083423886,1.6180503874915302,0.5444909584183737,0.5847337068585566
20,I_SSS_MISSING_CURRENT_STALE_2D,3938922,0.6071262453424892,0.4312111497692549,-0.12477184465731814,0.9371248286434787,0.3788787684819064,1.602428786852127,0.6071262453424892,0.5395598199273908
30,I_SSS_MISSING_CURRENT_STALE_2D,3849870,0.71147070830345,0.49328557530245287,-0.1744090631867349,0.9165083106614896,0.43710142294842,1.627701652180178,0.71147070830345,0.5033955374594129
50,I_SSS_MISSING_CURRENT_STALE_2D,3702174,0.9704639616563648,0.6832936315359606,-0.3206581681890083,0.8835613623318738,0.5395713545029824,1.7985831782161457,0.9704639616563648,0.5663706100923251
75,I_SSS_MISSING_CURRENT_STALE_2D,3559908,1.2641763947740385,0.9156702087569066,-0.4200749658872322,0.8532635689097336,0.6193946971957164,2.0409867900024725,1.2641763947740385,0.6835904394893629
100,I_SSS_MISSING_CURRENT_STALE_2D,3490404,1.3638565889924787,1.0379763007245573,-0.4230691261471481,0.8278005210507092,0.6493584011399853,2.100314074012366,1.3638565889924787,0.7386447921385664
125,I_SSS_MISSING_CURRENT_STALE_2D,3475562,1.316525606550879,1.0218256142849154,-0.2853920392991482,0.8069172026150212,0.6282883978183504,2.095416071858628,1.316525606550879,0.7075541195364602
150,I_SSS_MISSING_CURRENT_STALE_2D,3462530,1.1758855995361828,0.910981256499346,-0.14730302054561478,0.8282878859692894,0.5663512075018856,2.0762480665007987,1.1758855995361828,0.6590425152501458
200,I_SSS_MISSING_CURRENT_STALE_2D,3436828,0.8432443166847252,0.6300804937430838,-0.06959940765702628,0.8944335841901967,0.4522790312523207,1.8644338083723584,0.8432443166847252,0.5789691777226716
300,I_SSS_MISSING_CURRENT_STALE_2D,3412936,0.5570726255419389,0.4078240834991093,-0.022448871265561825,0.9379654429900779,0.3530251548286696,1.5779969725168672,0.5570726255419389,0.35464299751108247
500,I_SSS_MISSING_CURRENT_STALE_2D,3360446,0.4062257065041676,0.2899089411194383,-0.009173967053024347,0.9492038934420367,0.32016560866436244,1.2687986951466237,0.4062257065041676,0.24544065558636421
700,I_SSS_MISSING_CURRENT_STALE_2D,3320988,0.4153335189977188,0.31351557933613367,-0.03829603310733764,0.9397960367781049,0.34378980396879666,1.2081030740382739,0.4153335189977188,0.15790456087543686
1000,I_SSS_MISSING_CURRENT_STALE_2D,3240262,0.4238919529647177,0.3110889318022029,-0.023229241508842167,0.9082844583145427,0.41898346123679076,1.0117152398174325,0.4238919529647177,0.16481591695363162
0,J_SSS_MISSING_JOINT_MASK,4031232,1.4515987897066949,1.1479662976992027,-0.5995119544517287,0.6529428967505203,0.8735097999916063,1.661800233632918,1.4515987897066949,-0.040114768108098005
5,J_SSS_MISSING_JOINT_MASK,4031232,1.4056311673827817,1.0981141964925585,-0.5370219990124768,0.6439631292309806,0.8574316618602486,1.6393506677059044,1.4056311673827817,-0.02038187921391898
10,J_SSS_MISSING_JOINT_MASK,3991774,1.5063289276798324,1.200201200753017,-0.7223642585262304,0.5968254033525181,0.93095304035315,1.6180503874915302,1.5063289276798324,-0.03184726518589288
20,J_SSS_MISSING_JOINT_MASK,3938922,1.6113468589436517,1.2947433605203111,-0.9277014964297173,0.5699918843649276,1.005565346906332,1.602428786852127,1.6113468589436517,-0.00046004589751234186
30,J_SSS_MISSING_JOINT_MASK,3849870,1.7870870323643016,1.496986467099948,-1.25494983015179,0.6264309141669406,1.0979205126262785,1.627701652180178,1.7870870323643016,0.054272824573534315
50,J_SSS_MISSING_JOINT_MASK,3702174,2.13970310359186,1.8853838111457777,-1.7093029367326587,0.7184778127040871,1.1896603557217968,1.7985831782161457,2.13970310359186,0.25213496201918145
75,J_SSS_MISSING_JOINT_MASK,3559908,2.2869664295396595,1.8898176757875826,-1.5670868080057245,0.5783277616501185,1.120519956690601,2.0409867900024725,2.2869664295396595,0.41152483453340005
100,J_SSS_MISSING_JOINT_MASK,3490404,2.333143544350772,1.81752902092281,-1.0868320803485012,0.2969752257955011,1.1108545970430113,2.100314074012366,2.333143544350772,0.3969042121935387
125,J_SSS_MISSING_JOINT_MASK,3475562,2.178615822141693,1.6733094796316368,-0.3755792344565011,0.14593872621093681,1.0397055989979438,2.095416071858628,2.178615822141693,0.2894356573768285
150,J_SSS_MISSING_JOINT_MASK,3462530,1.966678150447877,1.5485828356256832,0.2730451818129699,0.349715584892469,0.9472269629911876,2.0762480665007987,1.966678150447877,0.18792550149920886
200,J_SSS_MISSING_JOINT_MASK,3436828,1.3955323829757889,1.1280931704121884,0.5248464243057154,0.7402535809813182,0.7485019723999115,1.8644338083723584,1.3955323829757889,0.11336326374247506
300,J_SSS_MISSING_JOINT_MASK,3412936,0.8387164442839885,0.6617958152808151,0.3955701298849847,0.8855201682214153,0.5315070046973892,1.5779969725168672,0.8387164442839885,0.08646384872355414
500,J_SSS_MISSING_JOINT_MASK,3360446,0.8343205647414519,0.6276864873736134,0.499989320968178,0.8706804967785134,0.6575673256387113,1.2687986951466237,0.8343205647414519,0.0906882921779221
700,J_SSS_MISSING_JOINT_MASK,3320988,0.7087702055237876,0.5242878881255072,0.36499095774723095,0.9029158004938775,0.5866802433956335,1.2081030740382739,0.7087702055237876,0.20295650111387747
1000,J_SSS_MISSING_JOINT_MASK,3240262,0.5767523042854078,0.4230566502690323,0.2715610717966031,0.8978274862613469,0.5700737535489578,1.0117152398174325,0.5767523042854078,0.20453673488560384
0,B_SSS_MISSING::persistence,4031232,0.4494435197551905,0.3218159077131404,0.040938505963364756,0.9636867041455938,0.2704558048909686,1.661800233632918,0.4494435197551905,0.6699247280473214
5,B_SSS_MISSING::persistence,4031232,0.4514934096206708,0.32266933860631564,0.05374448302922096,0.9625214666886662,0.2754099037593265,1.6393506677059044,0.4514934096206708,0.6583382320773361
10,B_SSS_MISSING::persistence,3991774,0.4576138713263701,0.3226698929333257,0.05089174039407139,0.9603104066785557,0.2828180598478213,1.6180503874915302,0.4576138713263701,0.6506488350325194
20,B_SSS_MISSING::persistence,3938922,0.5102167728795872,0.3495020363335799,0.053081904402074685,0.9490011091425902,0.31840215120066384,1.602428786852127,0.5102167728795872,0.6092611501745651
30,B_SSS_MISSING::persistence,3849870,0.5919155863103615,0.3962473036831528,0.004807413056176743,0.9319829283244238,0.3636511553069552,1.627701652180178,0.5919155863103615,0.5791074879432127
50,B_SSS_MISSING::persistence,3702174,0.806861007214499,0.5568604738469697,-0.1552797865739956,0.9012610449980323,0.4486092258545154,1.7985831782161457,0.806861007214499,0.6151090071994206
75,B_SSS_MISSING::persistence,3559908,1.095896828241172,0.7910978075141605,-0.2634598052882444,0.8666569947193605,0.5369445964125248,2.0409867900024725,1.095896828241172,0.6852328458462913
100,B_SSS_MISSING::persistence,3490404,1.2253794088064098,0.9194849382018007,-0.2871037791203246,0.8447499013432003,0.5834267474413901,2.100314074012366,1.2253794088064098,0.7308868597824683
125,B_SSS_MISSING::persistence,3475562,1.183652376508584,0.9017655285689041,-0.1847088024551379,0.8443013246318606,0.5648770153121369,2.095416071858628,1.183652376508584,0.716468789013297
150,B_SSS_MISSING::persistence,3462530,1.0610652106794765,0.8047128679535942,-0.07750616414612257,0.8640969042838003,0.5110493431874645,2.0762480665007987,1.0610652106794765,0.682269541186429
200,B_SSS_MISSING::persistence,3436828,0.7805001283676543,0.5692802509407003,-0.021585789131016574,0.9083403087688138,0.4186258181238556,1.8644338083723584,0.7805001283676543,0.6017621889240488
300,B_SSS_MISSING::persistence,3412936,0.5267885205499501,0.37671884862210664,0.006315312989686146,0.9426413408005995,0.33383366997829855,1.5779969725168672,0.5267885205499501,0.3910947282909922
500,B_SSS_MISSING::persistence,3360446,0.3797295715940885,0.2635536656506781,0.007359834453501832,0.9541821074880947,0.29928275702569707,1.2687986951466237,0.3797295715940885,0.28704397057107234
700,B_SSS_MISSING::persistence,3320988,0.39147273848626457,0.2846041481795324,-0.016394303090217686,0.9467865526797197,0.32403918746577276,1.2081030740382739,0.39147273848626457,0.17658611243988828
1000,B_SSS_MISSING::persistence,3240262,0.4106271723923384,0.2936882690347696,0.003354323691874889,0.915274037829529,0.40587228128187286,1.0117152398174325,0.4106271723923384,0.16712481321483405
0,B_SSS_MISSING::channel_climatology,4031232,0.4490695256540334,0.3214073364155913,0.051700891009609014,0.9638468444858973,0.2702307513053523,1.661800233632918,0.4490695256540334,0.6724945859234099
5,B_SSS_MISSING::channel_climatology,4031232,0.45171315609381024,0.3226248687965919,0.06460605968599009,0.9626375236683784,0.2755439485841881,1.6393506677059044,0.45171315609381024,0.6606768180508905
10,B_SSS_MISSING::channel_climatology,3991774,0.4576821396880118,0.3225588129562575,0.0619608749336641,0.9604561298249256,0.2828602515880598,1.6180503874915302,0.4576821396880118,0.6534562810156931
20,B_SSS_MISSING::channel_climatology,3938922,0.5110464056736153,0.34994926316545233,0.06550358785804553,0.9490696586204584,0.3189198857800942,1.602428786852127,0.5110464056736153,0.6111192067669239
30,B_SSS_MISSING::channel_climatology,3849870,0.5927602524300183,0.39641390917647545,0.021214120596075258,0.9318593117105559,0.36417008708940163,1.627701652180178,0.5927602524300183,0.5786241824181549
50,B_SSS_MISSING::channel_climatology,3702174,0.7949053806514187,0.5471668789010984,-0.12135841588850148,0.902607279729552,0.4419619788948624,1.7985831782161457,0.7949053806514187,0.6166315083026923
75,B_SSS_MISSING::channel_climatology,3559908,1.0788942929676864,0.7853346063305024,-0.2110194336705834,0.8668678674017067,0.5286140499549139,2.0409867900024725,1.0788942929676864,0.6832841446736263
100,B_SSS_MISSING::channel_climatology,3490404,1.2243469223323513,0.922494342652609,-0.2336561633615657,0.8409752648226428,0.5829351607368902,2.100314074012366,1.2243469223323513,0.7227940976076752
125,B_SSS_MISSING::channel_climatology,3475562,1.1915092169729382,0.9085544279694594,-0.14110477570747185,0.8411858992642697,0.5686265524899181,2.095416071858628,1.1915092169729382,0.7073101293638108
150,B_SSS_MISSING::channel_climatology,3462530,1.0681594555815916,0.8109617055399257,-0.04592347448069014,0.8625938118321896,0.5144662012289372,2.0762480665007987,1.0681594555815916,0.6752164195637048
200,B_SSS_MISSING::channel_climatology,3436828,0.7835486652849318,0.5726748475671661,-0.003641368575232834,0.9076870177771881,0.42026091876598504,1.8644338083723584,0.7835486652849318,0.5970784625365845
300,B_SSS_MISSING::channel_climatology,3412936,0.527411918597126,0.3774946125888999,0.014897586094743608,0.9425436170131228,0.3342287265329265,1.5779969725168672,0.527411918597126,0.3888972182636425
500,B_SSS_MISSING::channel_climatology,3360446,0.3794838394831243,0.2634442083406469,0.012790173216756006,0.9542802696013146,0.2990890839774002,1.2687986951466237,0.3794838394831243,0.28653782095058045
700,B_SSS_MISSING::channel_climatology,3320988,0.39139226276435124,0.2841924308269433,-0.01146666589690081,0.9468079710897815,0.32397257417453734,1.2081030740382739,0.39139226276435124,0.1735629116246437
1000,B_SSS_MISSING::channel_climatology,3240262,0.411278276745812,0.2938246724460559,0.0072286988235875805,0.915096600719899,0.40651584611894215,1.0117152398174325,0.411278276745812,0.16191616548369026
0,L0_climatology,4031232,0.5902712013637664,0.43220236248363864,0.013715766908195834,0.9349050209693112,0.3551998546018702,1.661800233632918,,
5,L0_climatology,4031232,0.5815175986291081,0.4209294176040098,0.01598742900623061,0.9351425113503914,0.35472434914909307,1.6393506677059044,,
10,L0_climatology,3991774,0.5866312837943486,0.4223532264793567,0.012409742576012234,0.9321521801310373,0.3625543977674301,1.6180503874915302,,
20,L0_climatology,3938922,0.6233692348823433,0.43824132623940065,-0.005780609846488993,0.9216175806197465,0.3890152498488959,1.602428786852127,,
30,L0_climatology,3849870,0.7126570202806344,0.4919700510113216,-0.06345033151993744,0.9007873262245886,0.43783024937407083,1.627701652180178,,
50,L0_climatology,3702174,1.017052656262759,0.7340906363552708,-0.29064918809299434,0.8436092099870609,0.5654743514678499,1.7985831782161457,,
75,L0_climatology,3559908,1.5341619820602634,1.1710798789671315,-0.5874611884870186,0.7326489946917233,0.751676585843265,2.0409867900024725,,
100,L0_climatology,3490404,1.8725757272485186,1.4376217707490797,-0.7696175308371029,0.6272717100351423,0.8915693849878442,2.100314074012366,,
125,L0_climatology,3475562,1.784645042315089,1.3766151013966008,-0.7285115750202165,0.6630344798952554,0.8516900611209467,2.095416071858628,,
150,L0_climatology,3462530,1.5014111827088643,1.149781282690218,-0.5584917480823904,0.7514366129751854,0.7231367036210009,2.0762480665007987,,
200,L0_climatology,3436828,0.9871884939455645,0.7237768811438052,-0.31489702128895514,0.8657888358511858,0.5294843343392144,1.8644338083723584,,
300,L0_climatology,3412936,0.5751704668308847,0.4080109289997798,-0.1293982958161437,0.9348101423609981,0.36449402429049127,1.5779969725168672,,
500,L0_climatology,3360446,0.39152953605831364,0.2692241311341398,-0.06743613589093471,0.9526953735812658,0.3085828646860865,1.2687986951466237,,
700,L0_climatology,3320988,0.3786378215100786,0.27434080699787466,-0.06357144218429367,0.9512037466040945,0.3134151627016578,1.2081030740382739,,
1000,L0_climatology,3240262,0.40131993302785396,0.287983965510315,-0.029803865658104212,0.9193581336626355,0.39667281586098624,1.0117152398174325,,
