depth_m,rmsd_age_only,rmsd_age_and_product,rmsd_product_only,var_age_only,var_product_only,var_age_and_product,var_sum_if_independent,interaction_var,age_share_of_independent_sum,product_share_of_independent_sum,dominant_effect
0,0.07614528515980165,0.10192539074328098,0.07530848385357654,0.005798104452067509,0.005671367740324398,0.010388785278170509,0.011469472192391908,-0.001080686914221399,0.5055249583248992,0.4944750416751008,AGE
5,0.07557716076452385,0.10125400698208983,0.07478838338832214,0.005711907229226683,0.005593302289838659,0.010252373929929096,0.011305209519065343,-0.001052835589136247,0.5052455878499202,0.4947544121500797,AGE
10,0.07621173977258387,0.1024873020765302,0.07562680541758673,0.005808229279164042,0.005719413697669526,0.010503647086925952,0.011527642976833568,-0.0010239958899076161,0.5038522871359308,0.4961477128640693,AGE
20,0.08273674869397409,0.1136304300847112,0.08462343587504208,0.006845369584449822,0.007161125899297359,0.012911874641236441,0.014006495483747182,-0.001094620842510741,0.4887282184464367,0.5112717815535632,PRODUCT
30,0.0992389858114675,0.13876451580142588,0.1036079118480775,0.00984837630488865,0.010734599397518996,0.019255590845604173,0.020582975702407646,-0.0013273848568034728,0.47847193949398964,0.5215280605060104,PRODUCT
50,0.156338343569153,0.21456697005616035,0.15376825148088516,0.02444167766994652,0.02364467516348874,0.04603898463908121,0.048086352833435264,-0.0020473681943540545,0.5082872006244525,0.4917127993755474,AGE
75,0.2293071656502923,0.3090980366159853,0.2161854483489699,0.052581776218570596,0.04673614807784514,0.09554159623985697,0.09931792429641573,-0.003776328056558753,0.5294288678611482,0.47057113213885193,AGE
100,0.2694614471500936,0.35436847459313575,0.2416294872897023,0.0726094715002227,0.0583848091278844,0.1255770157854659,0.1309942806281071,-0.005417264842641212,0.5542949749566629,0.44570502504333703,AGE
125,0.2620545449178031,0.3344757673399146,0.2188933935978425,0.06867258451207689,0.04791431776077999,0.11187403893762467,0.11658690227285688,-0.004712863335232215,0.589024866201157,0.41097513379884304,AGE
150,0.23251255858932657,0.2904598780825606,0.18357584026392587,0.05406208990175502,0.03370008912860643,0.08436694077573595,0.08776217903036145,-0.003395238254625496,0.6160066955841214,0.3839933044158787,AGE
200,0.15679636487771786,0.19287698170337225,0.11833322298350397,0.024585100038866436,0.014002751661663673,0.03720153007100299,0.03858785170053011,-0.0013863216295271208,0.6371202063712889,0.36287979362871103,AGE
300,0.05967486353240041,0.07685427238763624,0.05218499641533316,0.0035610893376106126,0.002723273850868335,0.005906579184232987,0.006284363188478947,-0.0003777840042459603,0.5666587418338771,0.43334125816612296,AGE
500,0.033698769011044745,0.04637984713320982,0.03500946961602895,0.0011356070328597497,0.0012256629627956544,0.002151090220099911,0.002361269995655404,-0.0002101797755554931,0.48093061570646256,0.5190693842935374,PRODUCT
700,0.033741808679665336,0.04584308950186249,0.0345119032696495,0.001138509652975139,0.0011910714672936438,0.002101588855075775,0.0023295811202687826,-0.00022799226519300752,0.4887186125734827,0.5112813874265174,PRODUCT
1000,0.029936296628279426,0.03966874435941834,0.029024877413057756,0.0008961818558163342,0.0008424435088430302,0.0015736092790528844,0.0017386253646593645,-0.00016501608560648006,0.5154542629095464,0.48454573709045345,AGE
