current_age_days,depth_m,rmse,degradation_pct,skill_over_L0_pct,anomaly_correlation
0,0,0.44928251339200126,0.0,23.885408545431996,0.6701212487602013
0,5,0.4513147761554204,0.0,22.390177490867487,0.6585503467185421
0,10,0.4574916550243218,0.0,22.013764410030745,0.6507819067158355
0,20,0.5101127032503583,0.0,18.168450621943418,0.60938841755061
0,30,0.5918399914156878,0.0,16.953039881284067,0.5792458192135002
0,50,0.8070358125020702,0.0,20.649554619169123,0.6150914648699812
0,75,1.096256476602329,0.0,28.54362906776379,0.685109248233267
0,100,1.2254870754085887,0.0,34.55607388389755,0.7308512596062475
0,125,1.18343125002835,0.0,33.68814403041338,0.7165525781937855
0,150,1.060766949754188,0.0,29.34867130532893,0.6824231587041284
0,200,0.7803461767610109,0.0,20.952666937785366,0.6019177977575588
0,300,0.5267509859056732,0.0,8.418283572867823,0.39120200061043814
0,500,0.3797069827317677,0.0,3.0195814715713154,0.28713989636910026
0,700,0.391449026135723,0.0,-3.3834983981660787,0.1766540805818209
0,1000,0.41064359621180047,0.0,-2.3232494617453727,0.16703038828202327
1,0,0.4497197678190428,0.09732282339242973,23.811331676014795,0.6693546784216612
1,5,0.45158644073263426,0.060194035641386416,22.34346100664512,0.6580011191225423
1,10,0.45771455091387503,0.048721301712347016,21.975768500894855,0.6503127901909935
1,20,0.5104314154608789,0.062478783313925604,18.11732326552507,0.6087523136644529
1,30,0.5920856305210314,0.04150431010179212,16.91857181342628,0.5787113891170176
1,50,0.8069337965397421,-0.012640822222236978,20.659585167902268,0.6148460753057928
1,75,1.0960147201417028,-0.022052910590374078,28.559387277356596,0.6849146769969737
1,100,1.224643792708619,-0.06881204354510607,34.601107186834184,0.7309961213013445
1,125,1.182243854126595,-0.10033501326980668,33.75467803989993,0.7169481655031427
1,150,1.060068781484023,-0.0658173098555519,29.39517210925297,0.6826875777866134
1,200,0.7798423416626631,-0.06456558811361264,21.00370431326511,0.6022453410971471
1,300,0.5265368658857753,-0.04064919205223634,8.45551080066302,0.3917611015988812
1,500,0.3798172024679535,0.029027576841709767,2.991430406061564,0.28682086207051477
1,700,0.39150827412538663,0.015135556792283575,-3.399146066279983,0.17668872343874106
1,1000,0.41079031062990545,0.03572792062470528,-2.3598074310936843,0.1663452652843641
2,0,0.4502541931309402,0.2162736607759131,23.72079273210857,0.6683413063175477
2,5,0.45194493866240865,0.13962815761458877,22.28181232557003,0.6572115699858633
2,10,0.45803382479340043,0.11850921500410577,21.92134353442182,0.6495931814943068
2,20,0.5108736663885441,0.14917549265821398,18.04637800500885,0.6078033304406887
2,30,0.5924758370358351,0.10743539290515684,16.863818053384733,0.5778123397274604
2,50,0.8071652427039808,0.016037727187014177,20.63682861121727,0.6140191755441841
2,75,1.0966640412690736,0.03717785713865984,28.517063120262126,0.6839617079880622
2,100,1.2256993919775003,0.017325076140916613,34.544735673868324,0.7300973845535185
2,125,1.183164313067815,-0.02255618655738718,33.70310145635555,0.716153491539565
2,150,1.0609185605816949,0.014292567047073098,29.338573416805602,0.6818444882039287
2,200,0.7799570905265795,-0.049860721564170464,20.992080508427417,0.6017323764692295
2,300,0.5264238526093663,-0.06210397418514336,8.475159458396039,0.3919261334699978
2,500,0.37995709957788926,0.06587101567691514,2.955699484878916,0.2862552467843052
2,700,0.3915569795863971,0.027577907586024634,-3.4120094038135242,0.17656753704897335
2,1000,0.4109163966883787,0.0664324195226302,-2.3912252720969867,0.16563403502667096
3,0,0.4508467723644123,0.3481682295180275,23.620401719959748,0.6671756316990758
3,5,0.4523683601104713,0.23344769786311426,22.208999146904265,0.6562493079604598
3,10,0.4584315472837076,0.2054446784031111,21.85354583912424,0.648682114727756
3,20,0.5113857456625609,0.24956100957513513,17.96423098116456,0.6066541257337331
3,30,0.5930088065843143,0.19748837280000767,16.78903179108574,0.5765842824668619
3,50,0.8078691425952896,0.10325813059470146,20.567618832650307,0.612586432243388
3,75,1.0984298144438382,0.19825085533315204,28.401966201200597,0.682228050350273
3,100,1.2286105659251128,0.2548774751853382,34.38927205735067,0.7282409478225844
3,125,1.1857850020410343,0.19889216315928873,33.556254945644405,0.7144134193495816
3,150,1.062905721722653,0.201625057130647,29.206220523484745,0.6801654127285706
3,200,0.780524441043435,0.022844256527787533,20.93460916224226,0.6005602361995345
3,300,0.5263660044875158,-0.07308603656344903,8.48521701962119,0.39180365001297024
3,500,0.38009335563489066,0.1017555432726741,2.9208985198295996,0.285571649429534
3,700,0.39159586813738817,0.037512419717768156,-3.422280050004111,0.17628119446549123
3,1000,0.4110456895157176,0.09791783133268955,-2.4234421685674516,0.16477531588564437
