depth_m,rmse_L0_climatology,rmse_L1_mlp,nrmse_L0,nrmse_L1,corr_L0,corr_L1,improvement_percent,L1_beats_L0
0,0.5891164992366157,0.47493271765187295,0.35364491951098126,0.2851007278267874,0.9354850419920382,0.9611094074546294,19.382207378795783,True
5,0.5804060498542927,0.47517536249429543,0.35325368987112415,0.2892069270799269,0.9356867242274347,0.9596871230330614,18.130529029877405,True
10,0.5854300084418451,0.48666549250707725,0.36113544824372057,0.3002103722852688,0.9326883140047755,0.9564543108325507,16.87042251175938,True
20,0.6220746866475904,0.5524618086439896,0.3877081247718712,0.344321890015724,0.922136800902318,0.9419845167465424,11.190437337797816,True
30,0.7110961767096452,0.6194742374062105,0.4367062283355481,0.3804383522640823,0.9012502421203141,0.9279963661627645,12.884605810620991,True
50,1.014875303944843,0.7662647501938368,0.5647478313338858,0.4264034746115866,0.8438696629614992,0.9075138552468169,24.496660110326015,True
75,1.532859508296277,1.0667210533839793,0.7511610543596118,0.5227349974545946,0.7326662583454238,0.8618913598384657,30.409731119481087,True
100,1.8709624487117675,1.2911016920377711,0.890956987080779,0.6148258477046971,0.6272140799684467,0.8191646173526519,30.992645366733772,True
125,1.7829295174965232,1.274359586023504,0.851825113001468,0.608847118024727,0.6625747583092605,0.8162415575529978,28.52439911293414,True
150,1.4995610729855138,1.1457860215279982,0.7233322177296465,0.5526843547261658,0.7512224201225329,0.8402872218756248,23.591906847326722,True
200,0.985710372884861,0.8385603770524364,0.5291949281577916,0.4501950174182348,0.8659153848052689,0.8949523863155596,14.928319705286588,True
300,0.5744828228150693,0.5453030679896642,0.3642480525966043,0.34574677031575596,0.9348905357246329,0.9387898117360381,5.07930849566904,True
500,0.39087707250168874,0.4010862909107038,0.3081806568444281,0.3162299486972903,0.9528275717983266,0.9492536241996009,-2.611874455483944,False
700,0.37820797158125075,0.38033974183152247,0.31312139247549875,0.31488630204737306,0.9513158136452328,0.949402276903696,-0.5636502692841192,False
1000,0.40075530436886675,0.39906208065044,0.3961009372418323,0.3944273786026394,0.9196016955577033,0.919869302680108,0.42250812402678434,True
