date,coverage_REFERENCE,coverage_NRT_SST_ONLY,coverage_NRT_SSS_SMOS_ONLY,coverage_NRT_SSS_SMAP_ONLY,coverage_NRT_SLA_ONLY,coverage_NRT_CURRENTS_ONLY,coverage_NRT_WIND_ONLY,coverage_ALL_NRT_RAW,coverage_ALL_NRT_RAW_SMAP_SSS,coverage_ALL_NRT_EXCEPT_SSS
2024-07-01,1.0,1.0,0.0,0.27893148739794105,1.0,0.9882854100106496,1.0,0.0,0.27706780262690806,0.9882854100106496
2024-07-04,1.0,1.0,0.0,,1.0,0.9855342563010294,1.0,0.0,,0.9855342563010294
2024-07-07,1.0,1.0,0.013578274760383386,,1.0,0.9855342563010294,1.0,0.013578274760383386,,0.9855342563010294
2024-07-10,1.0,1.0,0.0540468583599574,,1.0,0.997515086971956,1.0,0.0540468583599574,,0.997515086971956
2024-07-13,1.0,1.0,0.10711750088746894,,1.0,0.9978700745473909,1.0,0.10711750088746894,,0.9978700745473909
2024-07-16,1.0,1.0,0.003993610223642172,,1.0,0.9978700745473909,1.0,0.003993610223642172,,0.9978700745473909
2024-07-19,1.0,1.0,0.0,,1.0,0.9978700745473909,1.0,0.0,,0.9978700745473909
2024-07-22,1.0,1.0,0.0,,1.0,0.9978700745473909,1.0,0.0,,0.9978700745473909
2024-07-25,1.0,1.0,0.020855520056798013,0.5872381966631168,1.0,0.9978700745473909,1.0,0.020855520056798013,0.5867944621938233,0.9978700745473909
2024-07-28,1.0,1.0,0.05351437699680511,,1.0,0.9978700745473909,1.0,0.05351437699680511,,0.9978700745473909
2024-07-31,1.0,1.0,0.08652822151224707,,1.0,0.9978700745473909,1.0,0.08652822151224707,,0.9978700745473909
2024-08-03,1.0,1.0,0.014643237486687966,,1.0,0.9978700745473909,1.0,0.014643237486687966,,0.9978700745473909
2024-08-06,1.0,1.0,0.007277245296414625,,1.0,0.9978700745473909,1.0,0.007277245296414625,,0.9978700745473909
2024-08-09,1.0,1.0,0.0,,1.0,0.9978700745473909,1.0,0.0,,0.9978700745473909
2024-08-12,1.0,1.0,0.014643237486687966,,1.0,0.9978700745473909,1.0,0.014643237486687966,,0.9978700745473909
2024-08-15,1.0,1.0,0.0593716719914803,,1.0,0.9978700745473909,1.0,0.0593716719914803,,0.9978700745473909
2024-08-18,1.0,1.0,0.11031238906638267,0.6374689385871495,1.0,0.9978700745473909,1.0,0.11031238906638267,0.637291444799432,0.9978700745473909
2024-08-21,1.0,1.0,0.00825346112886049,,1.0,0.9978700745473909,1.0,0.00825346112886049,,0.9978700745473909
2024-08-24,1.0,1.0,0.0,,1.0,0.9978700745473909,1.0,0.0,,0.9978700745473909
2024-08-27,1.0,1.0,0.0,,1.0,0.9978700745473909,1.0,0.0,,0.9978700745473909
2024-08-30,1.0,1.0,0.016240681576144837,,1.0,0.9978700745473909,1.0,0.016240681576144837,,0.9978700745473909
2024-09-02,1.0,1.0,0.05795172168974086,,1.0,0.9978700745473909,1.0,0.05795172168974086,,0.9978700745473909
2024-09-05,1.0,1.0,0.0807596734114306,,1.0,0.9978700745473909,1.0,0.0807596734114306,,0.9978700745473909
2024-09-08,1.0,1.0,0.001597444089456869,,1.0,0.9978700745473909,1.0,0.001597444089456869,,0.9978700745473909
2024-09-11,1.0,1.0,0.0,0.5802271920482783,1.0,0.9978700745473909,1.0,0.0,0.5800496982605609,0.9978700745473909
2024-09-14,1.0,1.0,0.0,,1.0,0.9978700745473909,1.0,0.0,,0.9978700745473909
2024-09-17,1.0,1.0,0.013844515441959531,,1.0,0.9978700745473909,1.0,0.013844515441959531,,0.9978700745473909
2024-09-20,1.0,1.0,0.06221157259495918,,1.0,0.9978700745473909,1.0,0.06221157259495918,,0.9978700745473909
2024-09-23,1.0,1.0,0.07765353212637557,,1.0,0.9978700745473909,1.0,0.07765353212637557,,0.9978700745473909
2024-09-26,1.0,1.0,0.0008874689385871495,,1.0,0.9978700745473909,1.0,0.0008874689385871495,,0.9978700745473909
2024-09-29,1.0,1.0,0.0,,1.0,0.9978700745473909,1.0,0.0,,0.9978700745473909
2024-10-02,1.0,1.0,0.0,,1.0,0.9978700745473909,1.0,0.0,,0.9978700745473909
2024-10-05,1.0,1.0,0.005058572949946752,0.5950479233226837,1.0,0.9978700745473909,1.0,0.005058572949946752,0.5947816826411075,0.9978700745473909
2024-10-08,1.0,1.0,0.06815761448349308,,1.0,0.9978700745473909,1.0,0.06815761448349308,,0.9978700745473909
2024-10-11,1.0,1.0,0.0611466098686546,,1.0,0.9978700745473909,1.0,0.0611466098686546,,0.9978700745473909
2024-10-14,1.0,1.0,0.0,,1.0,0.9978700745473909,1.0,0.0,,0.9978700745473909
2024-10-17,1.0,1.0,0.0,,1.0,0.9978700745473909,1.0,0.0,,0.9978700745473909
2024-10-20,1.0,1.0,0.0,,1.0,0.9978700745473909,1.0,0.0,,0.9978700745473909
2024-10-23,1.0,1.0,0.019524316648917288,,1.0,0.9978700745473909,1.0,0.019524316648917288,,0.9978700745473909
2024-10-26,1.0,1.0,0.022719204827831026,,1.0,0.9978700745473909,1.0,0.022719204827831026,,0.9978700745473909
2024-10-29,1.0,1.0,0.03736244231451899,0.6761625843095491,1.0,0.9978700745473909,1.0,0.03736244231451899,0.6758075967341143,0.9978700745473909
2024-11-01,1.0,1.0,0.0,,1.0,0.9978700745473909,1.0,0.0,,0.9978700745473909
2024-11-04,1.0,1.0,0.0,,1.0,0.9978700745473909,1.0,0.0,,0.9978700745473909
2024-11-07,1.0,1.0,0.0,,1.0,0.9978700745473909,1.0,0.0,,0.9978700745473909
2024-11-10,1.0,1.0,0.019613063542776,,1.0,0.9978700745473909,1.0,0.019613063542776,,0.9978700745473909
2024-11-13,1.0,1.0,0.06372026979055732,,1.0,0.9978700745473909,1.0,0.06372026979055732,,0.9978700745473909
2024-11-16,1.0,1.0,0.05209442669506567,,1.0,0.9978700745473909,1.0,0.05209442669506567,,0.9978700745473909
2024-11-19,1.0,1.0,0.0,,1.0,0.9978700745473909,1.0,0.0,,0.9978700745473909
2024-11-22,1.0,1.0,0.0,0.5260915867944622,1.0,0.9978700745473909,1.0,0.0,0.5259140930067447,0.9978700745473909
2024-11-25,1.0,1.0,0.0,,1.0,0.9978700745473909,1.0,0.0,,0.9978700745473909
2024-11-28,1.0,1.0,0.017305644302449415,,1.0,1.0,1.0,0.017305644302449415,,1.0
2024-12-01,1.0,1.0,0.03816116435924743,,1.0,1.0,1.0,0.03816116435924743,,1.0
2024-12-04,1.0,1.0,0.0421547745828896,,1.0,1.0,1.0,0.0421547745828896,,1.0
2024-12-07,1.0,1.0,0.0,,1.0,1.0,1.0,0.0,,1.0
2024-12-10,1.0,1.0,0.0,,1.0,1.0,1.0,0.0,,1.0
2024-12-13,1.0,1.0,0.0,,1.0,1.0,1.0,0.0,,1.0
