policy,depth_m,rmse,rmse_L0,rmse_complete,beats_L0
zero_standardised,0,0.5425955905537085,0.5902712013637664,0.44928251339200126,True
zero_standardised,5,0.5388314258551489,0.5815175986291081,0.4513147761554204,True
zero_standardised,10,0.5443295991660823,0.5866312837943486,0.4574916550243218,True
zero_standardised,20,0.6069064868481936,0.6233692348823433,0.5101127032503583,True
zero_standardised,30,0.7114015700802163,0.7126570202806344,0.5918399914156878,True
zero_standardised,50,0.9707237162370443,1.017052656262759,0.8070358125020702,True
zero_standardised,75,1.2637309009500934,1.5341619820602634,1.096256476602329,True
zero_standardised,100,1.3628557134268253,1.8725757272485186,1.2254870754085887,True
zero_standardised,125,1.3162245183560217,1.784645042315089,1.18343125002835,True
zero_standardised,150,1.1758308608351258,1.5014111827088643,1.060766949754188,True
zero_standardised,200,0.8441303027428592,0.9871884939455645,0.7803461767610109,True
zero_standardised,300,0.5573884710735022,0.5751704668308847,0.5267509859056732,True
zero_standardised,500,0.40584211454311325,0.39152953605831364,0.3797069827317677,False
zero_standardised,700,0.41500472809456757,0.3786378215100786,0.391449026135723,False
zero_standardised,1000,0.42346297181658465,0.40131993302785396,0.41064359621180047,False
persistence,0,0.4494435197551905,0.5902712013637664,0.44928251339200126,True
persistence,5,0.4514934096206708,0.5815175986291081,0.4513147761554204,True
persistence,10,0.4576138713263701,0.5866312837943486,0.4574916550243218,True
persistence,20,0.5102167728795872,0.6233692348823433,0.5101127032503583,True
persistence,30,0.5919155863103615,0.7126570202806344,0.5918399914156878,True
persistence,50,0.806861007214499,1.017052656262759,0.8070358125020702,True
persistence,75,1.095896828241172,1.5341619820602634,1.096256476602329,True
persistence,100,1.2253794088064098,1.8725757272485186,1.2254870754085887,True
persistence,125,1.183652376508584,1.784645042315089,1.18343125002835,True
persistence,150,1.0610652106794765,1.5014111827088643,1.060766949754188,True
persistence,200,0.7805001283676543,0.9871884939455645,0.7803461767610109,True
persistence,300,0.5267885205499501,0.5751704668308847,0.5267509859056732,True
persistence,500,0.3797295715940885,0.39152953605831364,0.3797069827317677,True
persistence,700,0.39147273848626457,0.3786378215100786,0.391449026135723,False
persistence,1000,0.4106271723923384,0.40131993302785396,0.41064359621180047,False
channel_climatology,0,0.4490695256540334,0.5902712013637664,0.44928251339200126,True
channel_climatology,5,0.45171315609381024,0.5815175986291081,0.4513147761554204,True
channel_climatology,10,0.4576821396880118,0.5866312837943486,0.4574916550243218,True
channel_climatology,20,0.5110464056736153,0.6233692348823433,0.5101127032503583,True
channel_climatology,30,0.5927602524300183,0.7126570202806344,0.5918399914156878,True
channel_climatology,50,0.7949053806514187,1.017052656262759,0.8070358125020702,True
channel_climatology,75,1.0788942929676864,1.5341619820602634,1.096256476602329,True
channel_climatology,100,1.2243469223323513,1.8725757272485186,1.2254870754085887,True
channel_climatology,125,1.1915092169729382,1.784645042315089,1.18343125002835,True
channel_climatology,150,1.0681594555815916,1.5014111827088643,1.060766949754188,True
channel_climatology,200,0.7835486652849318,0.9871884939455645,0.7803461767610109,True
channel_climatology,300,0.527411918597126,0.5751704668308847,0.5267509859056732,True
channel_climatology,500,0.3794838394831243,0.39152953605831364,0.3797069827317677,True
channel_climatology,700,0.39139226276435124,0.3786378215100786,0.391449026135723,False
channel_climatology,1000,0.411278276745812,0.40131993302785396,0.41064359621180047,False
L0_climatology,0,0.5902712013637664,0.5902712013637664,0.44928251339200126,False
L0_climatology,5,0.5815175986291081,0.5815175986291081,0.4513147761554204,False
L0_climatology,10,0.5866312837943486,0.5866312837943486,0.4574916550243218,False
L0_climatology,20,0.6233692348823433,0.6233692348823433,0.5101127032503583,False
L0_climatology,30,0.7126570202806344,0.7126570202806344,0.5918399914156878,False
L0_climatology,50,1.017052656262759,1.017052656262759,0.8070358125020702,False
L0_climatology,75,1.5341619820602634,1.5341619820602634,1.096256476602329,False
L0_climatology,100,1.8725757272485186,1.8725757272485186,1.2254870754085887,False
L0_climatology,125,1.784645042315089,1.784645042315089,1.18343125002835,False
L0_climatology,150,1.5014111827088643,1.5014111827088643,1.060766949754188,False
L0_climatology,200,0.9871884939455645,0.9871884939455645,0.7803461767610109,False
L0_climatology,300,0.5751704668308847,0.5751704668308847,0.5267509859056732,False
L0_climatology,500,0.39152953605831364,0.39152953605831364,0.3797069827317677,False
L0_climatology,700,0.3786378215100786,0.3786378215100786,0.391449026135723,False
L0_climatology,1000,0.40131993302785396,0.40131993302785396,0.41064359621180047,False
