mode,depth_m,n,rmse,mae,bias,anomaly_correlation
COMPLETE,0,91,0.40099308448970633,0.3051444678088396,-0.1009538650385308,0.6322298026142099
SSS_ABSENT_PERSIST,0,91,0.40059208833151433,0.3036710752954599,-0.10139566994487731,0.632660354815855
SSS_ABSENT_CLIM,0,91,0.37669584267402395,0.2959513243158861,-0.09448227638773649,0.6700588356393528
CURRENT_STALE_1D,0,91,0.4007799584649233,0.30553298118878336,-0.0980108421091513,0.6292054913125825
CURRENT_STALE_2D,0,91,0.4062345563615163,0.3079860553511211,-0.10036136765912823,0.6200981596768521
CURRENT_STALE_3D,0,91,0.40507855174321117,0.3080327827962587,-0.09906170322742908,0.6214069990000503
WIND_STALE_1D,0,91,0.39745036889040974,0.3030299652230353,-0.1078167092883059,0.6430831903902163
SLA_STALE_1D,0,91,0.3980409624359749,0.30329764564965217,-0.09792786465858093,0.6368280391451595
SSS_ABSENT_PERSIST_CURRENT_STALE_2D,0,91,0.4058822190088591,0.3071506200154967,-0.10066735477848651,0.6199998644094672
L0,0,91,0.4880861974074329,0.38359658474118996,-0.08415257919032836,
COMPLETE,5,4544,0.5888525063295972,0.39548872838746074,-0.05543123776121016,0.6529835291670325
SSS_ABSENT_PERSIST,5,4544,0.5885137791410744,0.3954823077549097,-0.05556844721037936,0.6535150891718822
SSS_ABSENT_CLIM,5,4544,0.5842750559050229,0.39345001713576117,-0.047915896162927296,0.6591536263172227
CURRENT_STALE_1D,5,4544,0.5881801804529407,0.39605223612111623,-0.05635085947496706,0.6541321744384482
CURRENT_STALE_2D,5,4544,0.5882864730771439,0.396971191972536,-0.05703143287593411,0.6540650631099869
CURRENT_STALE_3D,5,4544,0.5882869231221917,0.39787688202678745,-0.05774710946318834,0.6541675768369682
WIND_STALE_1D,5,4544,0.5891120557430922,0.39607981857395475,-0.055785087557726716,0.6526449334198297
SLA_STALE_1D,5,4544,0.5903285371591516,0.3967018636467596,-0.05516997641260178,0.6507158984910832
SSS_ABSENT_PERSIST_CURRENT_STALE_2D,5,4544,0.5879824633342114,0.39689723504954016,-0.05704468685460772,0.6545266370390617
L0,5,4544,0.806213381721731,0.5973968402731087,-0.225536402203969,
COMPLETE,10,4807,0.6972706497322265,0.41902666171881137,0.013487605792375028,0.5731815537275688
SSS_ABSENT_PERSIST,10,4807,0.6962435101767904,0.4188060637028628,0.013286724365089075,0.5748802671227529
SSS_ABSENT_CLIM,10,4807,0.692486191808143,0.4170771267129347,0.0219664644892216,0.5815475160924599
CURRENT_STALE_1D,10,4807,0.6965163580523677,0.41929008658699907,0.01265743548506479,0.5744109537575571
CURRENT_STALE_2D,10,4807,0.6965349076027519,0.41972423930119357,0.011909260601997727,0.574369911636795
CURRENT_STALE_3D,10,4807,0.6964160358395736,0.42020170852214195,0.011394009277219716,0.5745586677537131
WIND_STALE_1D,10,4807,0.6978050169445772,0.4199442053161856,0.013174298432960037,0.5722770674485422
SLA_STALE_1D,10,4807,0.6981472107418094,0.4199142922814346,0.01390450139667195,0.5717128303825262
SSS_ABSENT_PERSIST_CURRENT_STALE_2D,10,4807,0.6955145554768354,0.41939995592710716,0.01186377834036584,0.5760549063712876
L0,10,4807,0.863953681055576,0.6010070318254597,-0.15060673097885283,
COMPLETE,20,4817,1.098886074863644,0.6249494950928713,0.1856032602084338,0.3696307670218934
SSS_ABSENT_PERSIST,20,4817,1.0989069415998527,0.6246313801213944,0.18528695037542903,0.36958599020256083
SSS_ABSENT_CLIM,20,4817,1.0958561124766522,0.6257808461634995,0.1963386612600748,0.37670564234054543
CURRENT_STALE_1D,20,4817,1.0982193338712047,0.6243145900286472,0.18523114818286068,0.3708532435369559
CURRENT_STALE_2D,20,4817,1.097907037243663,0.624146956069057,0.1846813412171143,0.3714342518097468
CURRENT_STALE_3D,20,4817,1.0980718516618346,0.6240368003476943,0.18479886584619473,0.37129446757086637
WIND_STALE_1D,20,4817,1.0982315350423943,0.6252751830957509,0.18532443789566494,0.3705718802795132
SLA_STALE_1D,20,4817,1.0980272508087343,0.6251400525489252,0.18592663355619946,0.37088902568342486
SSS_ABSENT_PERSIST_CURRENT_STALE_2D,20,4817,1.0980156050662329,0.6239482414317216,0.18458952184336608,0.3712693561591031
L0,20,4817,1.159912203952252,0.7495904657779142,0.008889537378640885,
COMPLETE,30,4970,1.2744318437650135,0.8059641708479278,0.30374992167542486,0.35401335239048093
SSS_ABSENT_PERSIST,30,4970,1.274674268981045,0.8062251897135327,0.30352189406525704,0.3536544302779708
SSS_ABSENT_CLIM,30,4970,1.2748138864988907,0.8070161587089405,0.31623167128364055,0.35617733637655774
CURRENT_STALE_1D,30,4970,1.2746988357010798,0.8057464101166476,0.30393072849854735,0.3539467825679691
CURRENT_STALE_2D,30,4970,1.2747804905258289,0.805762850909751,0.3039904250666054,0.354035211060925
CURRENT_STALE_3D,30,4970,1.2755537970536779,0.8061694759652346,0.30495319837034784,0.35331155769827777
WIND_STALE_1D,30,4970,1.2735017521400618,0.8055832681921218,0.30403497704617594,0.3554504336020141
SLA_STALE_1D,30,4970,1.272420371481622,0.8061183640887891,0.3036934500352578,0.35657244600229304
SSS_ABSENT_PERSIST_CURRENT_STALE_2D,30,4970,1.2751130733675626,0.8060743969454641,0.3040557094404111,0.35360556267848503
L0,30,4970,1.3193443507005571,0.883969080780368,0.1614183942628141,
COMPLETE,50,4982,1.1591297453000333,0.8289637474052304,0.3833088858393524,0.5259613273500566
SSS_ABSENT_PERSIST,50,4982,1.1580519426679854,0.8290456519204472,0.38306891374905144,0.5270505547807323
SSS_ABSENT_CLIM,50,4982,1.1707603123740622,0.8389179126775649,0.405229490227621,0.5194309005336335
CURRENT_STALE_1D,50,4982,1.15930237736317,0.8294889124600675,0.38440937295687005,0.5262941310320866
CURRENT_STALE_2D,50,4982,1.160133995197876,0.8298848235253835,0.3853483746936672,0.5254609182143108
CURRENT_STALE_3D,50,4982,1.1619586953099301,0.8311592785049697,0.38697870221383507,0.523710211194317
WIND_STALE_1D,50,4982,1.1594206374408562,0.8291140056451755,0.383303784809474,0.5256173771734187
SLA_STALE_1D,50,4982,1.155791658602354,0.8278518532007775,0.38245656911066833,0.5289425047844551
SSS_ABSENT_PERSIST_CURRENT_STALE_2D,50,4982,1.158953341164194,0.8298540118147437,0.38536894595764226,0.5267143151282354
L0,50,4982,1.3133773734121514,0.8970956818224439,0.3313472354228102,
COMPLETE,75,5001,1.181277546822766,0.8742731235398628,0.43290474961652337,0.6836748644424868
SSS_ABSENT_PERSIST,75,5001,1.181002041649529,0.8734250980037813,0.432322036230558,0.6837309053059163
SSS_ABSENT_CLIM,75,5001,1.2101491471799355,0.8949178774303495,0.4750949887009859,0.6733083337110738
CURRENT_STALE_1D,75,5001,1.1822395529483083,0.8739445610199862,0.4346658604187348,0.6834132350855269
CURRENT_STALE_2D,75,5001,1.183901785191403,0.8737527478061784,0.43513598616562144,0.6821480469182871
CURRENT_STALE_3D,75,5001,1.1886902367466956,0.8760377554497073,0.43660182260912317,0.6788933657634989
WIND_STALE_1D,75,5001,1.181664922678808,0.8739926161945651,0.4322377621032184,0.6831495760792933
SLA_STALE_1D,75,5001,1.1780652008588932,0.8726433791799001,0.43273206890033006,0.6857316150776297
SSS_ABSENT_PERSIST_CURRENT_STALE_2D,75,5001,1.1834939794866475,0.8729954022716104,0.4347403372235257,0.6823423944776116
L0,75,5001,1.5521093465588078,1.062543864388121,0.3980665737486484,
COMPLETE,100,4999,1.224088870319549,0.9331353304436018,0.4767439950754783,0.7343939795719605
SSS_ABSENT_PERSIST,100,4999,1.2234208767000603,0.9325241102350328,0.4759878435996995,0.7346185927558799
SSS_ABSENT_CLIM,100,4999,1.2786735223372567,0.9744360301349444,0.5366447226954746,0.7159835868799497
CURRENT_STALE_1D,100,4999,1.2266196031274388,0.9338465599277734,0.4792601098620713,0.7334213177441359
CURRENT_STALE_2D,100,4999,1.2286541232652495,0.9340547491927543,0.479470220854083,0.7321679887150564
CURRENT_STALE_3D,100,4999,1.2324136247734312,0.9361105957632817,0.48061707571724943,0.7300874814596702
WIND_STALE_1D,100,4999,1.223552870709792,0.9324777311008161,0.47588684665283926,0.7344282720947493
SLA_STALE_1D,100,4999,1.221336833547701,0.9315191208045567,0.4773340199339623,0.7359987980628739
SSS_ABSENT_PERSIST_CURRENT_STALE_2D,100,4999,1.2278779884295148,0.933484449572205,0.4789528825971826,0.7325102323931616
L0,100,4999,1.7040831266071284,1.2245233317287945,0.39953405395613073,
COMPLETE,125,4998,1.162115707001626,0.8955863027254533,0.49717376385474815,0.7367685786013076
SSS_ABSENT_PERSIST,125,4998,1.161277508898169,0.8951118635610176,0.49642749174981715,0.7370948772061481
SSS_ABSENT_CLIM,125,4998,1.2195159067334167,0.9426764226998413,0.558986559099366,0.7176340101336719
CURRENT_STALE_1D,125,4998,1.1651763646304443,0.8974158679813158,0.4998476915827995,0.7353841256373853
CURRENT_STALE_2D,125,4998,1.1677175219474905,0.898990144547144,0.5001058383041981,0.7336834073510979
CURRENT_STALE_3D,125,4998,1.1707498643958216,0.8997423976059997,0.5008522549130001,0.7317013826933485
WIND_STALE_1D,125,4998,1.161318100505363,0.89488298291082,0.49621579590468967,0.7368769971938424
SLA_STALE_1D,125,4998,1.1599437906509056,0.8949679927320544,0.49818503567793193,0.7382461118303509
SSS_ABSENT_PERSIST_CURRENT_STALE_2D,125,4998,1.1668629021246908,0.8982678924447919,0.4995730961581832,0.7340787894577943
L0,125,4998,1.5787315466777576,1.1745642705065629,0.33047060034050485,
COMPLETE,150,4996,0.9933267588999644,0.7729504251503726,0.3901746307394674,0.7245412247001466
SSS_ABSENT_PERSIST,150,4996,0.9927931935516072,0.7727286549426581,0.3897038105451069,0.724809048033999
SSS_ABSENT_CLIM,150,4996,1.0351731449858654,0.8095610140686264,0.44370486178727525,0.7096570688335163
CURRENT_STALE_1D,150,4996,0.9969625725956529,0.7743287953832182,0.39221137847451176,0.7221339964526182
CURRENT_STALE_2D,150,4996,1.000711914564627,0.7767372681938857,0.39238501562579015,0.7191526291178346
CURRENT_STALE_3D,150,4996,1.003403751136281,0.7777256317044102,0.39262442142312515,0.7167681935181686
WIND_STALE_1D,150,4996,0.9925452188575382,0.7729226655044873,0.38944780498443643,0.7247559387138492
SLA_STALE_1D,150,4996,0.991731416561675,0.772620740760504,0.39134320934791916,0.7259499854827324
SSS_ABSENT_PERSIST_CURRENT_STALE_2D,150,4996,1.0003570296399642,0.7764370477020074,0.3920861223949071,0.719345714761232
L0,150,4996,1.327984414688443,0.9986884976915434,0.19107881400051885,
COMPLETE,200,4979,0.772957267769465,0.602494567448347,0.19053064886213228,0.6269307994997027
SSS_ABSENT_PERSIST,200,4979,0.7730543407812998,0.6027494991992869,0.1904142793033733,0.6267838101958959
SSS_ABSENT_CLIM,200,4979,0.7899364961460565,0.619608273819351,0.2231171640175654,0.6165500070268979
CURRENT_STALE_1D,200,4979,0.7744104542698783,0.6033017917681659,0.19167734925137736,0.6250968300696892
CURRENT_STALE_2D,200,4979,0.7758644792768333,0.6038926324994989,0.19211602395890648,0.6230746857040753
CURRENT_STALE_3D,200,4979,0.7764055507801516,0.6038665747265402,0.19230801049176016,0.6219477440593759
WIND_STALE_1D,200,4979,0.7724274799908644,0.6019939062721185,0.18996325011623497,0.6272914355339319
SLA_STALE_1D,200,4979,0.7731297584782102,0.6031945163721606,0.19144543548302623,0.6270188157331575
SSS_ABSENT_PERSIST_CURRENT_STALE_2D,200,4979,0.7759657364125818,0.6038733578776986,0.1920819036011002,0.6229440171283531
L0,200,4979,0.9577668481924355,0.7249992874826104,0.041659869355345595,
COMPLETE,300,4947,0.674528515429986,0.48280319559995877,0.172555299582138,0.5157861729339293
SSS_ABSENT_PERSIST,300,4947,0.6749275124214549,0.4831898855140774,0.17255643025026424,0.5148212829710108
SSS_ABSENT_CLIM,300,4947,0.681262599463081,0.4919501481323897,0.18759701722010497,0.5092359348389741
CURRENT_STALE_1D,300,4947,0.6753160634084786,0.48327510878881436,0.17325865136881777,0.5144278277870392
CURRENT_STALE_2D,300,4947,0.6761890511477017,0.4839923593949649,0.17408334268008552,0.5129413863162093
CURRENT_STALE_3D,300,4947,0.6765605741555946,0.4843583608338881,0.17461418563741865,0.5124999504411578
WIND_STALE_1D,300,4947,0.6743429822540646,0.4823136129192483,0.17222941893552798,0.5160638861658738
SLA_STALE_1D,300,4947,0.6750855393613726,0.4830681442360897,0.1727683141694071,0.5145300138793534
SSS_ABSENT_PERSIST_CURRENT_STALE_2D,300,4947,0.6765995320357092,0.484376240892046,0.17411766942694534,0.5119640807788184
L0,300,4947,0.765310135253029,0.5376659160940711,0.0851681591866298,
COMPLETE,500,4868,0.4086872433126033,0.2985659498087296,0.16188256614182742,0.41147582739406013
SSS_ABSENT_PERSIST,500,4868,0.40913499844689144,0.2986392052393488,0.1619560957421523,0.4098826952081865
SSS_ABSENT_CLIM,500,4868,0.4115840937040565,0.30221557373840247,0.16698618910457833,0.40675076610635474
CURRENT_STALE_1D,500,4868,0.40852351540280823,0.29853213285264385,0.1622931528170647,0.41238859449437815
CURRENT_STALE_2D,500,4868,0.4093438972682233,0.2991335932615482,0.16289017204821066,0.4095209504487671
CURRENT_STALE_3D,500,4868,0.40924298093646694,0.2993153819244765,0.16334168393032092,0.41004715089972577
WIND_STALE_1D,500,4868,0.40829342292189497,0.2984857714953255,0.1618304140721586,0.41312816276246056
SLA_STALE_1D,500,4868,0.4081873101291734,0.2983039277106899,0.1619180022597015,0.41349297579762556
SSS_ABSENT_PERSIST_CURRENT_STALE_2D,500,4868,0.40988451845518875,0.299251972903375,0.16295842680422773,0.40752215193847907
L0,500,4868,0.4186430828351962,0.3017912391185317,0.10202148222407231,
COMPLETE,700,4818,0.34802568095024616,0.24182185343162152,0.09541100380971308,0.45947901623979065
SSS_ABSENT_PERSIST,700,4818,0.34882147893218396,0.24208420883498036,0.0955528580100039,0.4565672166427814
SSS_ABSENT_CLIM,700,4818,0.3496335507093485,0.24392603216969397,0.09822253660867498,0.4551534433185678
CURRENT_STALE_1D,700,4818,0.3484258055001458,0.2419657645001437,0.09587377987763293,0.4578012384450729
CURRENT_STALE_2D,700,4818,0.34923641070611866,0.24228912813464556,0.09638921179421187,0.454654129065078
CURRENT_STALE_3D,700,4818,0.35000391530523633,0.24254781545471368,0.09681143807973608,0.45119572548128345
WIND_STALE_1D,700,4818,0.3477195865830978,0.24201213908068736,0.09549125195451244,0.460881915518814
SLA_STALE_1D,700,4818,0.3474205939070961,0.2416637949918361,0.0954069810609262,0.4618334260323828
SSS_ABSENT_PERSIST_CURRENT_STALE_2D,700,4818,0.35016928887794685,0.24259619844238212,0.09650745034925055,0.4511275580932819
L0,700,4818,0.37595642068107304,0.25899533768146915,0.04714144430331949,
COMPLETE,1000,3209,0.2793156906610836,0.21110505738459953,0.13830554478096843,0.39276697081926226
SSS_ABSENT_PERSIST,1000,3209,0.27945297885408243,0.21122899895149116,0.1383959292454891,0.39231797794158796
SSS_ABSENT_CLIM,1000,3209,0.2810910059638203,0.21272058967380755,0.1419814084592546,0.3923429378328772
CURRENT_STALE_1D,1000,3209,0.2797713584114902,0.21134517311487755,0.13878839963334447,0.3909306159803923
CURRENT_STALE_2D,1000,3209,0.28045580810688026,0.2116980653799343,0.13933985123830156,0.38763596670040074
CURRENT_STALE_3D,1000,3209,0.28093371361996927,0.2120799060862542,0.13986813886486754,0.3851790698215658
WIND_STALE_1D,1000,3209,0.2795171313120904,0.21134095763619,0.13868186967136423,0.39318634900539184
SLA_STALE_1D,1000,3209,0.2792430126278339,0.21102565915921176,0.13836657775482616,0.39405443465417783
SSS_ABSENT_PERSIST_CURRENT_STALE_2D,1000,3209,0.28058621139340745,0.21187982634751046,0.13945292155579894,0.3873615350467038
L0,1000,3209,0.27678704143563615,0.1979556145056057,0.10670641244073206,
