region,depth_m,L0,N,R,skill_N_vs_L0,skill_R_vs_L0,degradation_N_vs_R
arabian_sea,0,0.7649931086758956,0.544383001548586,0.5315663579734077,0.2883818228234203,0.3051357561985356,0.024111088640074385
arabian_sea,5,0.7650960631418393,0.5451138839228488,0.534487454811864,0.28752229924650463,0.3014113121729962,0.019881531391087837
arabian_sea,10,0.7820989685002139,0.559995378435379,0.5497700354154965,0.2839839956453978,0.29705822720907193,0.01859930945882593
arabian_sea,20,0.8618550502891918,0.6572138738391406,0.6501337907766968,0.23744268410492542,0.24565761892496063,0.01089019393067625
arabian_sea,30,0.959489020711709,0.7348015061768722,0.7285628555959556,0.2341741381971968,0.2406761934018401,0.008562954497335129
arabian_sea,50,1.196401623130836,0.9061877524544857,0.9187148576205348,0.24257228096773753,0.23210162886909924,-0.013635465957842707
arabian_sea,75,1.3661137189539463,1.0678378230530634,1.0822016448008116,0.21833899459649464,0.20782462705266613,-0.013272777598108298
arabian_sea,100,1.4077114407472655,1.192973073722929,1.1736958058208604,0.15254430759641013,0.16623835549861055,0.016424415769796807
arabian_sea,125,1.3719683700103271,1.263310749040273,1.2359287862873023,0.07919834257493574,0.09915650148844235,0.022154968034384437
arabian_sea,150,1.2372579154921768,1.1787711804468721,1.1556623109933302,0.04727125550216327,0.06594874316596167,0.019996212763639498
arabian_sea,200,0.9270941281475454,0.8905759337281365,0.880560633022406,0.039389953307521264,0.0501928485062455,0.011373777489182446
arabian_sea,300,0.622888625955607,0.6312967967196838,0.6263702445007305,-0.013498674423822354,-0.005589472018022734,0.007865239867644203
arabian_sea,500,0.37201560773554615,0.3750799791780767,0.3753584022938909,-0.00823721203844996,-0.008985629873682788,-0.0007417527198344542
arabian_sea,700,0.374891181140836,0.3635315014608293,0.3657400518544492,0.030301272079641728,0.024410094840158436,-0.006038579538723332
arabian_sea,1000,0.41060922284161727,0.38877440963167464,0.3916633188156371,0.053176626328154564,0.04614096072870755,-0.0073760013899139
bay_of_bengal,0,0.543733381223462,0.4125421345903703,0.42803673534360454,0.24127863243911285,0.21278194400999784,-0.03619923121971291
bay_of_bengal,5,0.5309750437597837,0.4063604572298233,0.4223213348176737,0.23469010077682062,0.20463053813742993,-0.03779320690663457
bay_of_bengal,10,0.527263717820999,0.400964793668564,0.4193997032839943,0.2395365352927854,0.20457317826223642,-0.043955466518170505
bay_of_bengal,20,0.5350150175804032,0.40928158506367274,0.42750399850503795,0.2350091649489725,0.20094953513937241,-0.04262512983524869
bay_of_bengal,30,0.5912164578361391,0.46364749776296443,0.4792767283942392,0.2157736957121913,0.18933797927683027,-0.032610034465138105
bay_of_bengal,50,1.0476570858501002,0.7472249599207959,0.759919600650704,0.2867657079659083,0.2746485363251444,-0.016705241869058196
bay_of_bengal,75,1.696278806420606,1.1795959357428893,1.1581700575008367,0.30459784601565143,0.31722895250649086,0.018499768754414614
bay_of_bengal,100,1.9363502393947951,1.3748859906599782,1.3015009848896288,0.28996006885113,0.3278586908448897,0.05638490221855075
bay_of_bengal,125,1.776342867427696,1.280382294148919,1.204337312771024,0.27920317770463565,0.322013033151076,0.06314259350059115
bay_of_bengal,150,1.4117698129373455,1.104931060325694,1.0475697654385114,0.21734333019434582,0.25797410042439917,0.05475653916297518
bay_of_bengal,200,0.854816398936374,0.7783924063641992,0.7550171802176994,0.08940398507476832,0.11674930294137098,0.030959859932935263
bay_of_bengal,300,0.4643684128440969,0.37797817915982557,0.3817052705011085,0.18603813544328063,0.17801198371074622,-0.009764317208378892
bay_of_bengal,500,0.26059953622018855,0.24763867238591106,0.24789282385119105,0.04973479240318546,0.048759535620436445,-0.0010252473683246555
bay_of_bengal,700,0.24593477428712116,0.26293417420548293,0.26072455879192263,-0.06912157895375759,-0.060137020263490104,0.008474903261122213
bay_of_bengal,1000,0.27293969894158654,0.27005538097068177,0.27128887383790434,0.010567601496190071,0.006048314371576602,-0.004546787524945084
whole_nio,0,0.6938279183845443,0.5152669490559773,0.5118420765959056,0.25735627609842326,0.2622924747859102,0.0066912679060098235
whole_nio,5,0.6910076990381587,0.5158263478714945,0.5135447770200916,0.253515773283722,0.25681757564363594,0.004442788542494691
whole_nio,10,0.7038107883224758,0.522232175729781,0.5203069691627236,0.25799350564870593,0.26072890925291337,0.003700136037300128
whole_nio,20,0.7724019084377712,0.598020111401563,0.597247371785821,0.22576562166826575,0.22676605888534207,0.0012938351045923557
whole_nio,30,0.8732386522218716,0.6813652543635283,0.6802538351749278,0.21972618524173182,0.2209989406171069,0.0016338300956653118
whole_nio,50,1.1758922897378985,0.8865308825383358,0.9023257589986853,0.24607815675367695,0.23264590909103589,-0.017504627683329277
whole_nio,75,1.5235281569245782,1.1291443179845615,1.1338415259756658,0.2588621924363559,0.25577908040475006,-0.004142737660858153
whole_nio,100,1.649487576198743,1.2959692657936592,1.2473471209657072,0.21432008067606645,0.24379720164960061,0.03898044418486202
whole_nio,125,1.564809671422909,1.308952335104938,1.2522532072505654,0.16350700087718362,0.19974088215350205,0.04527768627469553
whole_nio,150,1.3466984961220965,1.1887438514700202,1.1440757572210773,0.11729028071755976,0.1504588736710437,0.03904295145405423
whole_nio,200,0.9130888829048598,0.8720986487250183,0.8529612091677314,0.04489183358517845,0.06585084416518239,0.022436471144989145
whole_nio,300,0.5519602456828637,0.5371798031682945,0.5362188185704392,0.02677809249882379,0.02851913201275913,0.0017921500786139966
whole_nio,500,0.36498086227247506,0.36010015763859243,0.36472441245766324,0.013372494665868095,0.0007026390732245424,-0.012678764187762148
whole_nio,700,0.3686667190257622,0.3660546966035678,0.3694276794814762,0.0070850507718649425,-0.0020640877422428705,-0.009130292788679606
whole_nio,1000,0.42420573239547554,0.41255967805231997,0.4177544762242774,0.02745378823004274,0.015207847698728849,-0.012435050891396182
