pair,quantity,region,unit,n,mae,rmse,bias,correlation
A_vs_B,d26,arabian_sea,m,918613,1.418410440023733,2.2040536582044874,0.6023259779378031,0.9969462263125533
A_vs_B,d26,bay_of_bengal,m,729169,0.9857348967768497,1.5975121972707809,0.7966577507809804,0.9971995279065308
A_vs_B,d26,whole_nio,m,2004939,1.26184436300337,1.9831853271946713,0.7611497572426743,0.9973269367695969
A_vs_C,d26,arabian_sea,m,897757,11.049703007584455,15.730280050939859,3.1862076959951713,0.8160779141879383
A_vs_C,d26,bay_of_bengal,m,729937,8.019551195915572,10.291401489222036,3.6993362183596434,0.8501175609732102
A_vs_C,d26,whole_nio,m,1984155,9.685360362997823,13.640536157803073,3.385990269168023,0.8420960036477455
B_vs_C,d26,arabian_sea,m,889884,10.657842178868043,15.21715866441375,2.7090352380237044,0.8216476792339764
B_vs_C,d26,bay_of_bengal,m,722868,7.505691378000238,9.695516020347677,2.9331142391871756,0.8566266362085228
B_vs_C,d26,whole_nio,m,1964277,9.24143814082081,13.113164951964746,2.700217537595715,0.8466381498568795
A_vs_B,tchp,arabian_sea,kJ/cm2,1039889,1.1410607490152138,1.5746982920419834,0.978013393531936,0.9995879425402803
A_vs_B,tchp,bay_of_bengal,kJ/cm2,743605,2.366605901947857,2.731662178723077,2.3445881688204007,0.9991091997811937
A_vs_B,tchp,whole_nio,kJ/cm2,2170505,1.7007090430717753,2.1856431982201086,1.6074900418107196,0.999513118381173
A_vs_C,tchp,arabian_sea,kJ/cm2,1047886,10.990620097996532,15.820072632339482,5.434607536630311,0.9233827794582131
A_vs_C,tchp,bay_of_bengal,kJ/cm2,750763,13.753623159803,17.553170432577737,9.563347053270046,0.8762975604529362
A_vs_C,tchp,whole_nio,kJ/cm2,2190691,12.397171899244606,16.977815276614887,7.39179973098203,0.9229120317690255
B_vs_C,tchp,arabian_sea,kJ/cm2,1039889,10.515248298496301,15.174293469021555,4.488643710759884,0.9246150989431028
B_vs_C,tchp,bay_of_bengal,kJ/cm2,743605,12.27140947849463,15.854998169378788,7.216010078580206,0.882651458885954
B_vs_C,tchp,whole_nio,kJ/cm2,2170505,11.467753383600051,15.829657586651132,5.800018944993308,0.9250184006010264
