depth_m,rmse_FROZEN_L2,rmse_D_CONTROL_ALL,percent_difference,note
0,0.4487456188797828,0.4494743268442379,0.1623877613054278,per-depth
5,0.4507558435864066,0.449643073068229,-0.24686768546890442,per-depth
10,0.4568541221463581,0.4543561202365525,-0.546783270351096,per-depth
20,0.5092427274009831,0.5038643706991321,-1.056147964900825,per-depth
30,0.5905892978160152,0.5922901009342888,0.28798407363003603,per-depth
50,0.8052501231724625,0.8105935478192763,0.663573279040579,per-depth
75,1.0948072732587737,1.0923151822943076,-0.22762827991160764,per-depth
100,1.2238341295019264,1.2357656876309375,0.9749326188400242,per-depth
125,1.1818231026281172,1.190828072200142,0.7619557911839606,per-depth
150,1.0592630803099403,1.0648349855186583,0.5260171257066409,per-depth
200,0.7794268246605405,0.7874667317886944,1.0315153230267027,per-depth
300,0.5262843738446508,0.5267079289331854,0.08048027066440498,per-depth
500,0.3790343644676019,0.3789879669858734,-0.01224096970566045,per-depth
700,0.3909003618398549,0.3856782337664607,-1.3359230594761096,per-depth
1000,0.4099910565971359,0.4031768521056898,-1.6620373497907415,per-depth
-1,,,0.638431654866848,MEAN ABSOLUTE DIFFERENCE = run-to-run noise floor
