depth_m,model,n,rmse,mae,bias,correlation,nrmse,truth_std,anomaly_rmse,anomaly_correlation,skill_vs_L0_percent
0,FROZEN_L2,4064640,0.4487456188797828,0.3212475260917609,0.0405158366355076,0.9639577300998656,0.2693806886672972,1.665841828157226,0.4487456188797828,0.6695508014318944,23.82735512224272
5,FROZEN_L2,4064640,0.4507558435864066,0.3221066323094725,0.0532669881820264,0.9627910375821678,0.2743444266610131,1.6430289802948022,0.4507558435864066,0.657988283741272,22.337845427426863
10,FROZEN_L2,4024855,0.4568541221463581,0.3220964830845329,0.0504257616385558,0.9605773195044198,0.2818205691615177,1.6210815395966525,0.4568541221463581,0.6502664388682243,21.96264018609141
20,FROZEN_L2,3971565,0.5092427274009831,0.3488125172845486,0.0527608266510315,0.9493216972731195,0.317385592328699,1.6044922633841177,0.5092427274009831,0.6090558016370792,18.13800845275792
30,FROZEN_L2,3881775,0.5905892978160152,0.3954175812107258,0.0049142224474156,0.9323380060812286,0.3626992145253712,1.6283170025302134,0.5905892978160152,0.5792142827048741,16.946635749222338
50,FROZEN_L2,3732855,0.8052501231724625,0.5555529099733701,-0.1535684701342277,0.9014010523702064,0.4480976716798031,1.7970415247947764,0.8052501231724625,0.6149053162889601,20.65526473622552
75,FROZEN_L2,3589410,1.0948072732587737,0.7902523364547831,-0.2601743957866061,0.8666472587410663,0.5364983426404878,2.0406535980529834,1.0948072732587737,0.6849930331435696,28.57745492438404
100,FROZEN_L2,3519330,1.2238341295019264,0.9185016757344352,-0.2832717388240662,0.8448247895704084,0.5827928665582983,2.0999469961417296,1.2238341295019264,0.7308379440259418,34.58799077744266
125,FROZEN_L2,3504365,1.1818231026281172,0.900563674031833,-0.181575824401202,0.8443033515827109,0.5646362282214621,2.093069915741541,1.1818231026281172,0.7166360226738765,33.714536046968426
150,FROZEN_L2,3491225,1.0592630803099403,0.8034068929440065,-0.075322736756927,0.8641190980761199,0.5109489215496076,2.073129104759442,1.0592630803099403,0.6824473776832761,29.361791300635247
200,FROZEN_L2,3465310,0.7794268246605405,0.5686323451825329,-0.0204267437958587,0.9084153679892136,0.4184481910982996,1.8626602796747225,0.7794268246605405,0.6015766343980378,20.92739955861416
300,FROZEN_L2,3441220,0.5262843738446508,0.3763371416651282,0.0064697657045308,0.9426929064025844,0.3336880593671849,1.5771747267274436,0.5262843738446508,0.3907492587873287,8.389885137772719
500,FROZEN_L2,3388295,0.3790343644676019,0.2631397020171405,0.0071010637317454,0.9543185675324052,0.2988434667211828,1.268337463175115,0.3790343644676019,0.2873532155184205,3.029778123922976
700,FROZEN_L2,3348510,0.3909003618398549,0.2842241916714357,-0.0169011232851365,0.94692714315995,0.3236295234781305,1.2078637252829942,0.3909003618398549,0.1772047080395503,-3.355928804339709
1000,FROZEN_L2,3267115,0.4099910565971359,0.2932241969842249,0.0028489236768393,0.915532024035282,0.4052294255584355,1.011750457243174,0.4099910565971359,0.1674867436806419,-2.3045863966328435
0,D_CONTROL_ALL,4064640,0.4494743268442379,0.3240241220631462,0.0654299170958387,0.9642800687471336,0.2698181299370131,1.665841828157226,0.4494743268442379,0.6739784592243213,23.703660069498596
5,D_CONTROL_ALL,4064640,0.449643073068229,0.3225682905637098,0.0647161066412377,0.963189738942606,0.2736671589247022,1.6430289802948022,0.449643073068229,0.6633083108714081,22.52956819090545
10,D_CONTROL_ALL,4024855,0.4543561202365525,0.3215772233104902,0.0528327928677813,0.9610040146997624,0.2802796214369344,1.6210815395966525,0.4543561202365525,0.6558438813249553,22.389335414177538
20,D_CONTROL_ALL,3971565,0.5038643706991321,0.3467300897052915,0.0399980976227119,0.9502722126285424,0.314033530854431,1.6044922633841177,0.5038643706991321,0.6143352777927957,19.0025922105114
30,D_CONTROL_ALL,3881775,0.5922901009342888,0.3971832680343549,-0.0154782688699404,0.9324761675769704,0.3637437304983855,1.6283170025302134,0.5922901009342888,0.5758499353465759,16.707455287566155
50,D_CONTROL_ALL,3732855,0.8105935478192763,0.5573884930748138,-0.1641940382982691,0.9019551038130392,0.4510711280930732,1.7970415247947764,0.8105935478192763,0.6139615004978382,20.128754274689623
75,D_CONTROL_ALL,3589410,1.0923151822943076,0.7895095673566613,-0.2874522619857987,0.8692578276843859,0.5352771206913809,2.0406535980529834,1.0923151822943076,0.6890639129455125,28.74003283520875
100,D_CONTROL_ALL,3519330,1.2357656876309375,0.9345313438499604,-0.3300596513241299,0.8442205379365673,0.588474704314648,2.0999469961417296,1.2357656876309375,0.7265370474722185,33.95026776289331
125,D_CONTROL_ALL,3504365,1.190828072200142,0.9104456067449423,-0.2380297119420802,0.8449413654391066,0.5689385066615181,2.093069915741541,1.190828072200142,0.71230894104964,33.209470115665155
150,D_CONTROL_ALL,3491225,1.0648349855186583,0.8079957612513392,-0.115305714917744,0.8646351846297884,0.513636600380572,2.073129104759442,1.0648349855186583,0.67765667514583,28.990222225584173
200,D_CONTROL_ALL,3465310,0.7874667317886944,0.573501535575056,-0.0403152115816019,0.906795122940133,0.4227645483084066,1.8626602796747225,0.7874667317886944,0.5911746001631143,20.111753568745584
300,D_CONTROL_ALL,3441220,0.5267079289331854,0.37527111686241,-0.0054147854800151,0.9426169623620816,0.3339566124205383,1.5771747267274436,0.5267079289331854,0.3866897229198978,8.316157069375626
500,D_CONTROL_ALL,3388295,0.3789879669858734,0.2623989832549528,-0.0061993997545049,0.9543670185600948,0.2988068853829541,1.268337463175115,0.3789879669858734,0.2828989663119656,3.0416482194063525
700,D_CONTROL_ALL,3348510,0.3856782337664607,0.2795783607861505,-0.030730794258244,0.9485704173433132,0.3193060820467135,1.2078637252829942,0.3856782337664607,0.1943235906944314,-1.9751731181068248
1000,D_CONTROL_ALL,3267115,0.4031768521056898,0.2881303647399898,-0.006789846014588,0.9181488010440406,0.3984943611533118,1.011750457243174,0.4031768521056898,0.1993845413093804,-0.6042459601718538
0,D_MINUS_SST,4064640,0.5845675840627543,0.4250985975247948,-0.0038749947015425,0.9365435631200568,0.3509142189744448,1.665841828157226,0.5845675840627543,0.3265569407444553,0.7721588479962428
5,D_MINUS_SST,4064640,0.5719488286467079,0.4131881522527986,-0.0161228335752019,0.937627803374546,0.348106354486873,1.6430289802948022,0.5719488286467079,0.3393580045989683,1.4571214772326655
10,D_MINUS_SST,4024855,0.570687199765547,0.4132236780376722,0.0008189569204854,0.9361068633971732,0.3520410206555939,1.6210815395966525,0.570687199765547,0.35478553444335,2.5182871502499307
20,D_MINUS_SST,3971565,0.5876072904768712,0.4161806731987029,-0.0136664727892339,0.9306080625945125,0.3662263158798399,1.6044922633841177,0.5876072904768712,0.4149810694872115,5.540716719477314
30,D_MINUS_SST,3881775,0.6380487644999828,0.4432995391130859,-0.0523685021941857,0.9205962634495796,0.3918455457435683,1.6283170025302134,0.6380487644999828,0.4827622821611642,10.272508080083393
50,D_MINUS_SST,3732855,0.7965606144021377,0.5598717986464593,-0.125536098416401,0.9013093292585164,0.4432622192707013,1.7970415247947764,0.7965606144021377,0.610013606790765,21.51147916341165
75,D_MINUS_SST,3589410,1.0500674755981732,0.7715952959347014,-0.2429432000004686,0.8722462726239671,0.5145740936139566,2.0406535980529834,1.0500674755981732,0.7018144945906908,31.49616974583087
100,D_MINUS_SST,3519330,1.2124938326216497,0.921207670948464,-0.3488820447593163,0.8416371457404896,0.577392588884094,2.0999469961417296,1.2124938326216497,0.7360759213050541,35.19411180825678
125,D_MINUS_SST,3504365,1.1952989951497948,0.9154103477964216,-0.3686363232737428,0.8425458621939522,0.5710745666736696,2.093069915741541,1.1952989951497948,0.7228741668311182,32.95870737346036
150,D_MINUS_SST,3491225,1.066170214480102,0.8121617814424937,-0.2837134874646549,0.8685199516858312,0.5142806649293635,2.073129104759442,1.066170214480102,0.690362643531225,28.901180906394348
200,D_MINUS_SST,3465310,0.7833372949481141,0.5712007421257976,-0.1708140304833121,0.9125562910980896,0.4205475917943065,1.8626602796747225,0.7833372949481141,0.6126814952982153,20.53068360683525
300,D_MINUS_SST,3441220,0.5315545038702,0.3799787252685779,-0.0175426474301591,0.9426403422056436,0.3370295597959195,1.5771747267274436,0.5315545038702,0.3898234025716926,7.472515668007787
500,D_MINUS_SST,3388295,0.391406100604846,0.2787864530850751,0.0725759765956168,0.9530011997664224,0.3085977604296356,1.268337463175115,0.391406100604846,0.2797581353225539,-0.1353438562593147
700,D_MINUS_SST,3348510,0.402671753621326,0.3047513684088927,0.0849332123374451,0.945466648948047,0.3333751525048762,1.2078637252829942,0.402671753621326,0.163613140409163,-6.4683411980436505
1000,D_MINUS_SST,3267115,0.4179512830979703,0.3082527440103216,0.0939412272223296,0.916688161808369,0.4130972020875655,1.011750457243174,0.4179512830979703,0.1694553388710988,-4.2908923579152844
0,D_MINUS_SSS,4064640,0.4436181260064383,0.3199845137247711,0.0805593149106138,0.9656267812208916,0.2663026696221057,1.665841828157226,0.4436181260064383,0.6850637233162981,24.69772505416431
5,D_MINUS_SSS,4064640,0.4431100055625751,0.3166386335661258,0.0818823690304269,0.9645824531228956,0.2696909250395995,1.6430289802948022,0.4431100055625751,0.6750384211055602,23.65517112135285
10,D_MINUS_SSS,4024855,0.4515701197425429,0.3193138798390116,0.0843987449192533,0.9623108583947256,0.2785610154162263,1.6210815395966525,0.4515701197425429,0.668473832248363,22.865225008806394
20,D_MINUS_SSS,3971565,0.505184111244336,0.3451851455524706,0.0672143417277032,0.9504729251240432,0.3148560593111406,1.6044922633841177,0.505184111244336,0.6221016395396458,18.79044074806947
30,D_MINUS_SSS,3881775,0.597501926315328,0.3983346590025608,0.0391006932877018,0.9311781414832474,0.3669444741944475,1.6283170025302134,0.597501926315328,0.5750999304023676,15.97452695076155
50,D_MINUS_SSS,3732855,0.8034100986548202,0.5528988562386943,-0.1013623213560142,0.9002992730258746,0.447073752926533,1.7970415247947764,0.8034100986548202,0.6040827838555822,20.836570213902444
75,D_MINUS_SSS,3589410,1.061618400708539,0.7750407911300248,-0.188220821365247,0.8698278317958934,0.5202344982614611,2.0406535980529834,1.061618400708539,0.6889644122391484,30.74261568247093
100,D_MINUS_SSS,3519330,1.214336068943055,0.9211688901413904,-0.2422038303777827,0.840345790883835,0.5782698664176649,2.0999469961417296,1.214336068943055,0.7250016900717104,35.09564717457728
125,D_MINUS_SSS,3504365,1.186080166568767,0.9075293217529028,-0.1997277101391212,0.8402845657592363,0.566670113429325,2.093069915741541,1.186080166568767,0.709864740870333,33.47576811481666
150,D_MINUS_SSS,3491225,1.0564931496752796,0.8037896568636241,-0.0850039432072041,0.8643655060259459,0.5096128105335105,2.073129104759442,1.0564931496752796,0.6786156694338334,29.54650739420161
200,D_MINUS_SSS,3465310,0.774165208567566,0.5657124266110466,-0.0338608567161947,0.9097906356053116,0.4156234054138734,1.8626602796747225,0.774165208567566,0.6002989024968599,21.4611888173774
300,D_MINUS_SSS,3441220,0.5254045403789662,0.3701972359765269,-0.0142660890846203,0.9429383506709668,0.3331302052177526,1.5771747267274436,0.5254045403789662,0.3809916874967654,8.543037404601725
500,D_MINUS_SSS,3388295,0.3838848275418748,0.2629511820649919,-0.0230599114494149,0.9532732076700348,0.3026677352735998,1.268337463175115,0.3838848275418748,0.2455200451915871,1.7888603481043552
700,D_MINUS_SSS,3348510,0.3817304791345252,0.2786911326271952,-0.047876753607248,0.9498013497856512,0.3160377045391345,1.2078637252829942,0.3817304791345252,0.2136382907655121,-0.9313678763954056
1000,D_MINUS_SSS,3267115,0.4007962945069156,0.2887889010454164,-0.0177728139470727,0.9189987243210268,0.3961414513209202,1.011750457243174,0.4007962945069156,0.2085036222351889,-0.0102282209623262
0,D_MINUS_SLA,4064640,0.4611520999980429,0.3321644003150957,0.0157636229418008,0.9631503018596194,0.2768282631660023,1.665841828157226,0.4611520999980429,0.6391956850907231,21.72140814327734
5,D_MINUS_SLA,4064640,0.4622085427376614,0.3327337778463493,0.0248064016767518,0.9623727872646975,0.2813149057509193,1.6430289802948022,0.4622085427376614,0.6268670434495064,20.36462355040992
10,D_MINUS_SLA,4024855,0.4728459354989318,0.339599682723851,0.0304234422016102,0.959903792414161,0.2916854729075395,1.6210815395966525,0.4728459354989318,0.615277313610687,19.23100478613355
20,D_MINUS_SLA,3971565,0.5239933842044003,0.3657847765269336,0.015631512161208,0.9477271320556054,0.3265789409911013,1.6044922633841177,0.5239933842044003,0.5701700161422364,15.766804942949522
30,D_MINUS_SLA,3881775,0.6279660684893061,0.4271122373824027,-0.0668954570658,0.9269493979667552,0.3856534492445393,1.6283170025302134,0.6279660684893061,0.5185150496467603,11.690416984801583
50,D_MINUS_SLA,3732855,0.8974198184164638,0.635980671161362,-0.3030569282760213,0.8889673081807484,0.4993873575174897,1.7970415247947764,0.8974198184164638,0.5380428149418555,11.573390846326376
75,D_MINUS_SLA,3589410,1.323606009086915,1.0081862475216583,-0.6427938939853814,0.8339595580054896,0.6486186633291345,2.0406535980529834,1.323606009086915,0.5976110609271988,13.651185779050316
100,D_MINUS_SLA,3519330,1.63951130736653,1.2850085655933623,-0.9179435062402026,0.7783792186949114,0.7807393759836956,2.0999469961417296,1.63951130736653,0.6155010893604276,12.370699449612232
125,D_MINUS_SLA,3504365,1.5954198382644336,1.2592173055466875,-0.9177527530886552,0.791980536640673,0.7622391522928186,2.093069915741541,1.5954198382644336,0.6103203430377024,10.516942896058968
150,D_MINUS_SLA,3491225,1.3496166529498694,1.0554199476909614,-0.7361414371974708,0.8397083926275664,0.6510046334555097,2.073129104759442,1.3496166529498694,0.6018808399838482,9.999220621079196
200,D_MINUS_SLA,3465310,0.8991353163160827,0.6687137748996174,-0.4072054860055191,0.902693511838912,0.4827156761366593,1.8626602796747225,0.8991353163160827,0.5425870504713315,8.783011617844753
300,D_MINUS_SLA,3441220,0.556605884874113,0.3972535006837983,-0.1709467562138417,0.9420920607465773,0.3529132666417002,1.5771747267274436,0.556605884874113,0.3526996956021919,3.1118315867750823
500,D_MINUS_SLA,3388295,0.4008177887507017,0.2790152190042826,-0.1025633536650044,0.9523434223484216,0.3160182525455862,1.268337463175115,0.4008177887507017,0.2037370321340424,-2.5431822300014915
700,D_MINUS_SLA,3348510,0.3910709022965053,0.2852816378030684,-0.0886719324160792,0.9489976087005524,0.323770715280716,1.2078637252829942,0.3910709022965053,0.1724522932521905,-3.401020518281477
1000,D_MINUS_SLA,3267115,0.3987914305408057,0.2868694962432422,-0.0380432100398784,0.9202153398261989,0.3941598718200096,1.011750457243174,0.3987914305408057,0.2101179180584886,0.4900431277269488
0,D_MINUS_CURRENTS,4064640,0.4424968133105091,0.3187962036170154,-0.011812703418062,0.9642223834195712,0.2656295488749999,1.665841828157226,0.4424968133105091,0.6774257230479899,24.888063076844404
5,D_MINUS_CURRENTS,4064640,0.4425980821413733,0.3169549591501674,-0.002254156553586,0.9631586556949406,0.2693793520683729,1.6430289802948022,0.4425980821413733,0.6681524411810191,23.743372031961957
10,D_MINUS_CURRENTS,4024855,0.4481592965242243,0.3171345122071179,-0.0044278438795846,0.9611784185660422,0.2764569736792713,1.6210815395966525,0.4481592965242243,0.6642085873636525,23.44784345492888
20,D_MINUS_CURRENTS,3971565,0.5012444393759423,0.3436914156779345,-0.0032473128410234,0.950002851098361,0.3124006583358287,1.6044922633841177,0.5012444393759423,0.6228661865731162,19.42375246335963
30,D_MINUS_CURRENTS,3881775,0.5914997781077278,0.4012768136828679,-0.0277409993723089,0.9319134450589904,0.3632583687258725,1.6283170025302134,0.5914997781077278,0.5872156501771668,16.818596769189355
50,D_MINUS_CURRENTS,3732855,0.8175246571378915,0.5647469611648099,-0.1538055911910557,0.8981021682543681,0.4549280836630937,1.7970415247947764,0.8175246571378915,0.6076097191945987,19.445802458671068
75,D_MINUS_CURRENTS,3589410,1.0980536854277072,0.7839269770354346,-0.2514878558541129,0.8682235188829234,0.5380892114542987,2.0406535980529834,1.0980536854277072,0.6858329372755261,28.365666945683905
100,D_MINUS_CURRENTS,3519330,1.212435162585978,0.9106542337778908,-0.2495180655379888,0.8476910377195437,0.5773646500666955,2.0999469961417296,1.212435162585978,0.7330603541509503,35.197247629379866
125,D_MINUS_CURRENTS,3504365,1.1803927501658198,0.9040216200158414,-0.1247081095496776,0.8417302592124185,0.5639528528351264,2.093069915741541,1.1803927501658198,0.7127795657527197,33.7947608931141
150,D_MINUS_CURRENTS,3491225,1.0646785738952538,0.8141964988949021,-0.0032712056110442,0.8610657476392511,0.5135611532590948,2.073129104759442,1.0646785738952538,0.674150837881208,29.0006527192948
200,D_MINUS_CURRENTS,3465310,0.7842578522584928,0.5785348569573399,0.0347096956836869,0.9072331902968612,0.4210418082225107,1.8626602796747225,0.7842578522584928,0.588670126743826,20.43729336405182
300,D_MINUS_CURRENTS,3441220,0.526750608946711,0.3792294336322109,0.0224313253026,0.9428549895555696,0.33398367347649,1.5771747267274436,0.526750608946711,0.3808572932091539,8.308727776134717
500,D_MINUS_CURRENTS,3388295,0.3790724963093111,0.2616858560922712,0.0032425446082823,0.9543068986332311,0.2988735311502613,1.268337463175115,0.3790724963093111,0.2727665588055363,3.020022667696011
700,D_MINUS_CURRENTS,3348510,0.3804747319106921,0.2781231281754492,-0.0141898674570241,0.9494758433855928,0.314998061409245,1.2078637252829942,0.3804747319106921,0.2167987089053441,-0.5993422930680656
1000,D_MINUS_CURRENTS,3267115,0.4014394544210277,0.2898278933532714,0.0120380237086281,0.9190853586009696,0.3967771415837787,1.011750457243174,0.4014394544210277,0.2123989113455793,-0.1707151582781056
0,D_MINUS_WINDS,4064640,0.4397466092322546,0.3145520015580831,0.0048610763471501,0.9646857491841994,0.2639786093729604,1.665841828157226,0.4397466092322546,0.6761933329443902,25.354898428055623
5,D_MINUS_WINDS,4064640,0.4411180470350966,0.3134970723534853,0.0142229096352245,0.9634934242898952,0.2684785553544823,1.6430289802948022,0.4411180470350966,0.6635347827211803,23.998371976681387
10,D_MINUS_WINDS,4024855,0.4457036310871018,0.3124922508135215,0.012107632193253,0.9617046642650028,0.2749421421441879,1.6210815395966525,0.4457036310871018,0.6607529670125385,23.86730699484177
20,D_MINUS_WINDS,3971565,0.5056960937811804,0.3424519814464103,0.00318938196622,0.9493607006579262,0.3151751524900411,1.6044922633841177,0.5056960937811804,0.6067003922532471,18.70813832557364
30,D_MINUS_WINDS,3881775,0.6005979135373192,0.3984813525890417,-0.0347585466257383,0.9304159371811488,0.3688458160198908,1.6283170025302134,0.6005979135373192,0.5615256374723411,15.53914460398578
50,D_MINUS_WINDS,3732855,0.8103706178201655,0.5596793743116321,-0.1702008010870047,0.901044058436426,0.4509470741989173,1.7970415247947764,0.8103706178201655,0.6097106256362255,20.150720520024816
75,D_MINUS_WINDS,3589410,1.1005445185703406,0.800436236556883,-0.3397438119336619,0.870756619365298,0.5393098170215591,2.0406535980529834,1.1005445185703406,0.6938487839976905,28.203171092074857
100,D_MINUS_WINDS,3519330,1.226597869083772,0.9276883376949554,-0.3840518689531009,0.8491614229508933,0.584108966244111,2.0999469961417296,1.226597869083772,0.7412231489855875,34.44027324394815
125,D_MINUS_WINDS,3504365,1.1809784953506288,0.9044791624475256,-0.2809784049556456,0.8450886281928277,0.5642327026291556,2.093069915741541,1.1809784953506288,0.725084527314294,33.76190792954707
150,D_MINUS_WINDS,3491225,1.0616812014389452,0.8085799625635758,-0.141888038963006,0.8627028323534415,0.5121153328085366,2.073129104759442,1.0616812014389452,0.6825721979541245,29.2005360391746
200,D_MINUS_WINDS,3465310,0.7803581817587155,0.5704577761825252,-0.0501409222075115,0.9085270293521888,0.4189482055713294,1.8626602796747225,0.7803581817587155,0.5965714712455236,20.83291368083556
300,D_MINUS_WINDS,3441220,0.5255292468953923,0.3743150435178839,0.0026194977355287,0.9428946237170864,0.3332092747807584,1.5771747267274436,0.5255292468953923,0.3811845596685672,8.521329790122504
500,D_MINUS_WINDS,3388295,0.3803258669983085,0.2608963398922628,-0.0036443470107566,0.954002832161556,0.2998617308411068,1.268337463175115,0.3803258669983085,0.257551363113693,2.699366692410576
700,D_MINUS_WINDS,3348510,0.3803264503019633,0.2745740528871604,-0.0292238094500241,0.9496349998605778,0.3148752978841677,1.2078637252829942,0.3803264503019633,0.2046940349476123,-0.5601359251777193
1000,D_MINUS_WINDS,3267115,0.3979446437393147,0.2864537688568964,-0.0117630725427403,0.9199364118071696,0.393322919589913,1.011750457243174,0.3979446437393147,0.2214690903343998,0.7013408428812232
0,L0_climatology,4064640,0.5891164992366156,0.4313170704984287,0.0140979438828522,0.9354850419918154,0.3536449195109377,1.665841828157226,,,0.0
5,L0_climatology,4064640,0.5804060498542926,0.4201203000862415,0.0163666116312107,0.9356867242269554,0.3532536898711017,1.6430289802948022,,,0.0
10,L0_climatology,4024855,0.5854300084418451,0.4215076622576931,0.0127906798671681,0.9326883140044842,0.3611354482437128,1.6210815395966525,,,0.0
20,L0_climatology,3971565,0.6220746866475904,0.4373945265306821,-0.0051429315625713,0.9221368009022304,0.3877081247718456,1.6044922633841177,,,0.0
30,L0_climatology,3881775,0.7110961767096452,0.4909588989244515,-0.0624586790646046,0.9012502421204736,0.4367062283355669,1.6283170025302134,,,0.0
50,L0_climatology,3732855,1.0148753039448433,0.7323799752481717,-0.289071920404775,0.8438696629613809,0.5647478313339158,1.7970415247947764,,,0.0
75,L0_climatology,3589410,1.532859508296277,1.170356030759768,-0.5859916256717881,0.7326662583454523,0.7511610543596424,2.0406535980529834,,,0.0
100,L0_climatology,3519330,1.870962448711768,1.4365747594578218,-0.768252801537227,0.6272140799685281,0.8909569870807792,2.0999469961417296,,,0.0
125,L0_climatology,3504365,1.7829295174965225,1.3754411563351705,-0.7273678290800053,0.6625747583092904,0.8518251130014733,2.093069915741541,,,0.0
150,L0_climatology,3491225,1.499561072985513,1.1485330505017268,-0.5576076571355237,0.7512224201225044,0.7233322177296415,2.073129104759442,,,0.0
200,L0_climatology,3465310,0.9857103728848609,0.7229014541414684,-0.3140787261851332,0.8659153848051813,0.5291949281578046,1.8626602796747225,,,0.0
300,L0_climatology,3441220,0.5744828228150695,0.4075762722108202,-0.1290598747715255,0.9348905357246656,0.3642480525966148,1.5771747267274436,,,0.0
500,L0_climatology,3388295,0.3908770725016887,0.2688380589524149,-0.0674932307013079,0.9528275717983394,0.3081806568444171,1.268337463175115,,,0.0
700,L0_climatology,3348510,0.3782079715812508,0.2740369376032798,-0.0638657389107051,0.951315813645218,0.3131213924754957,1.2078637252829942,,,0.0
1000,L0_climatology,3267115,0.4007553043688665,0.2875669781605032,-0.0300829602484334,0.9196016955576573,0.3961009372418252,1.011750457243174,,,0.0
