group,band,depths_m,rmse_control,rmse_ablated,rmse_change_degC,rmse_change_percent,mean_anomaly_corr_change
CURRENTS,0-50 m,"0,5,10,20,30,50",0.5543923821825931,0.5526678965428188,-0.0017244856397743424,-0.3110586824777781,0.005033490413274795
CURRENTS,75-150 m,"75,100,125,150",1.1479084783649813,1.1403552532123544,-0.007553225152626908,-0.6579988993012155,6.427961180077713e-05
CURRENTS,200-300 m,"200,300",0.6703433352328606,0.6684699366756877,-0.001873398557172945,-0.2794685139253563,-0.004168451565016079
CURRENTS,500-1000 m,"500,700,1000",0.3892596889161956,0.38698041910142944,-0.0022792698147661716,-0.5855396486372056,0.008452360246894108
SLA,0-50 m,"0,5,10,20,30,50",0.5543923821825931,0.5898623190414555,0.03546993685886235,6.39798417128684,-0.04820157369602096
SLA,75-150 m,"75,100,125,150",1.1479084783649813,1.4831885409872514,0.33528006262227006,29.207908900527052,-0.09506331082600597
SLA,200-300 m,"200,300",0.6703433352328606,0.7483293612842792,0.07798602605141858,11.63374377763123,-0.04128878850474435
SLA,500-1000 m,"500,700,1000",0.3892596889161956,0.39691588607283906,0.007656197156643452,1.9668610376688063,-0.0300999516236853
SSS,0-50 m,"0,5,10,20,30,50",0.5543923821825931,0.5517632212707865,-0.0026291609118066495,-0.4742418900952208,0.005430494234987075
SSS,75-150 m,"75,100,125,150",1.1479084783649813,1.1316280670545855,-0.016280411310395815,-1.4182673634038099,-0.0007800159995439149
SSS,200-300 m,"200,300",0.6703433352328606,0.6620080472907918,-0.008335287942068836,-1.2434356402116482,0.0017131334553066035
SSS,500-1000 m,"500,700,1000",0.3892596889161956,0.3887792067656744,-0.0004804821505212109,-0.1234348596072209,-0.002981713374496431
SST,0-50 m,"0,5,10,20,30,50",0.5543923821825931,0.6275562322120174,0.07316385002942427,13.197123983086628,-0.21146998780533
SST,75-150 m,"75,100,125,150",1.1479084783649813,1.1330481564589592,-0.014860321906022156,-1.2945563332007437,0.01139016241122176
SST,200-300 m,"200,300",0.6703433352328606,0.6698217193777463,-0.0005216158551143435,-0.07781323803766127,0.012320287393447898
SST,500-1000 m,"500,700,1000",0.3892596889161956,0.4039920412549941,0.014732352338798493,3.7847105051687606,-0.021260161237653907
WINDS,0-50 m,"0,5,10,20,30,50",0.5543923821825931,0.5523788785299922,-0.00201350365260089,-0.36319107500610065,-0.003143271169661973
WINDS,75-150 m,"75,100,125,150",1.1479084783649813,1.144198018648557,-0.0037104597164243636,-0.32323654597528034,0.00929052040962386
WINDS,200-300 m,"200,300",0.6703433352328606,0.6656953551098533,-0.004647980123007267,-0.6933730640273577,-5.41460844606656e-05
WINDS,500-1000 m,"500,700,1000",0.3892596889161956,0.3861684648380474,-0.0030912240781482136,-0.794129000810492,0.0023691300266425555
