analysis,representation,k,rmse_overall,rmse_0m,rmse_5m,rmse_10m,rmse_20m,rmse_30m,rmse_50m,rmse_75m,rmse_100m,rmse_125m,rmse_150m,rmse_200m,rmse_300m,rmse_500m,rmse_700m,rmse_1000m
B1_FULL15,raw,1,1.311197997992884,1.386060654552955,1.3692391406708349,1.368118702439746,1.3597000883860006,1.3622027785549973,1.3477087423445309,1.0483101033682243,0.7010974523909048,1.1686548570621236,1.57618885112392,1.7062336752944816,1.518319517189958,1.2239427064386839,1.192113472134495,1.0118594458981292
B1_FULL15,raw,2,0.735443027586492,0.8991424313056977,0.8700894064120589,0.8484105018283791,0.7328978567460086,0.6024450219265702,0.7200960447647037,0.8806935685262104,0.620211378011701,0.4133548041719333,0.5495644490086155,0.7302178861987488,0.8293779453866731,0.7384542743128985,0.755752044684017,0.6621840005431328
B1_FULL15,raw,3,0.438725558309207,0.2629616530765181,0.21777392078697935,0.18355909626609646,0.19625739265176015,0.4440148545030354,0.6337209112875449,0.5187772056288449,0.4005886169910529,0.4069795372487173,0.4872427989189926,0.4518166822980149,0.5060932789481433,0.48871374964978226,0.5561778838949836,0.5085101018828042
B1_FULL15,raw,5,0.23885219138601882,0.167478094076588,0.12637378041087016,0.10347382616850304,0.18804392966658143,0.3162365223335852,0.23583018528426852,0.29368745328149903,0.20408740258894606,0.22564242721428132,0.21307702705555095,0.26419488485306564,0.3585922175342815,0.19410277916822238,0.2511129615490259,0.2944593223461415
B1_FULL15,raw,8,0.1109972186436577,0.0795510563530499,0.04651602635897132,0.06231923287627588,0.11719588981274176,0.08053842707146933,0.07511603728075832,0.10934125997308551,0.12063566158030178,0.08650116571265211,0.11285908255327251,0.11744425058244465,0.10929593406009958,0.1685241368349783,0.12866401224006635,0.17071772654485823
B1_FULL15,raw,10,0.06918419584346368,0.07733682884879022,0.04419884367370923,0.062236995195966156,0.10811226373253159,0.07865546560121107,0.027188439281323817,0.025404530803808906,0.04929135565439786,0.07827544226677409,0.0692585581731417,0.036280204682946716,0.03981381438152986,0.09302810470783496,0.11139695528204104,0.05840333167082477
B1_FULL15,raw,15,2.793184237875486e-15,1.7399641721764584e-15,7.270270484583448e-16,1.8583583366451607e-15,1.7291007305545362e-15,2.069973429417795e-15,1.6429190017135901e-15,2.5805971323492557e-15,3.941977467381841e-15,5.319754549378784e-15,5.031773111688746e-15,3.746068025786909e-15,2.3105233320024367e-15,1.4133228082590224e-15,1.333815197195374e-15,1.0390313635653497e-15
B1_FULL15,residual,1,0.4777346681051431,0.5021588632523912,0.4948362128488436,0.4999089129883288,0.5276989433638226,0.5807813809626113,0.6394515529373345,0.5697778068028456,0.3885647694405578,0.4148483130357435,0.547600337292966,0.5408157586970157,0.4010484810957369,0.2839165411593122,0.29193754527677496,0.2917140978362639
B1_FULL15,residual,2,0.3551483987366905,0.304971607597567,0.28901744547623925,0.28387887468813944,0.2737808661787728,0.31055269824839593,0.43563866264545736,0.5147191460357614,0.37678419594209883,0.26766393420984674,0.4056303682745339,0.4761348277662518,0.39167879644896725,0.28333017875099414,0.2918988793646609,0.2914963189677011
B1_FULL15,residual,3,0.2651612445463013,0.19874998719956494,0.17386212131953468,0.16119303464080678,0.15961763911091995,0.2749538127531992,0.3924565172347264,0.23147244532407318,0.2730486401811095,0.2327751553613759,0.18931111554716487,0.3295418631253141,0.3602934322257853,0.2790333739529011,0.290706049771803,0.29139000500380435
B1_FULL15,residual,5,0.18037583997850926,0.12382560199410723,0.0929977409204206,0.08295981449703164,0.14869760230462625,0.2186236113676803,0.15456434137515004,0.1805509255640149,0.15373526116208175,0.14428634845698116,0.13984646418665936,0.19566407365622904,0.21092089600482575,0.21349517380722843,0.24838309475021636,0.27697547208737017
B1_FULL15,residual,8,0.10111679455071909,0.0731417502054015,0.04206696935659892,0.0558143156254143,0.109178330468535,0.073426219493307,0.06915293447981277,0.10035434144756793,0.11077560253550421,0.08102806255988959,0.1036762092621944,0.10609318358655144,0.1064286354149455,0.15417672263389706,0.11885804389936024,0.1445822158674859
B1_FULL15,residual,10,0.06361346306154894,0.06996891520663952,0.03920066211630056,0.05548650124507044,0.1023092470608563,0.06900139495257651,0.023496608861344755,0.022780637844649874,0.04630390687419432,0.0742747793675865,0.06614213886368835,0.034823568510204794,0.02870367904665304,0.08774196463096721,0.10106706786094696,0.053890731418611275
B1_FULL15,residual,15,1.4741081788823327e-15,1.1463331126665373e-15,1.732808122359833e-15,1.1567491457879605e-15,1.5228852198315704e-15,1.6746665608624031e-15,1.736424165819051e-15,2.2352316653404893e-15,2.0138394644966287e-15,2.0877937830337055e-15,1.7829263193942154e-15,1.1235692690751947e-15,7.718043117008957e-16,3.926156460905564e-16,3.4112782571747637e-16,2.8839406106809237e-16
B2_UPPER300,raw,1,1.3627679071184167,1.4175529448232724,1.4008953890574691,1.4006872081605477,1.3984271281080916,1.4132983402946167,1.4243506516236402,1.1210258225866538,0.6584572340511289,1.0830176477500093,1.5210206540610522,1.6925828298564143,1.5259192642753072,,,
B2_UPPER300,raw,2,0.7310815567758474,0.8022157188528896,0.7711915480228406,0.7462935096191669,0.6200651890008686,0.5190254615861305,0.772120311587335,0.9294993293275994,0.6095321010097388,0.3801206971634758,0.5875809673486956,0.8481519800578706,0.9611873375496967,,,
B2_UPPER300,raw,3,0.39241124375295783,0.2537644423075664,0.20748423017327872,0.17145622441693784,0.1988764128913009,0.44694000640561293,0.5798805954044212,0.4033569395800275,0.3883561457222014,0.37319858706325126,0.3604861894867394,0.3953232755651803,0.6296043892465837,,,
B2_UPPER300,raw,5,0.1839783528625636,0.14001130301190046,0.10305608358463236,0.08618674543192587,0.18559504745388508,0.25316398428569514,0.19806925919594398,0.2094148582485571,0.1975846006346545,0.165720174691691,0.16547341452916134,0.227666755972061,0.202939752562503,,,
B2_UPPER300,raw,8,0.0628517705968873,0.07814195634683141,0.0443617867257048,0.06318914442032252,0.1093140053847764,0.08062413801166092,0.028262524127643327,0.026041370223667714,0.0504353594267793,0.08042388456499623,0.07091833876177411,0.03503339627040592,0.011913707131126114,,,
B2_UPPER300,raw,10,0.02750672563103152,0.05789453820857458,0.0395855332408807,0.056707775038226445,0.028623241926867767,0.010376468121301208,0.003653892203636972,0.002012854821492479,0.0005082806968151861,0.0002824493911062328,0.0003085562913940935,0.00022749324788891905,0.00016445127672493035,,,
B2_UPPER300,residual,1,0.5196952237194039,0.5065608594643177,0.49940594775460534,0.5042622782864569,0.5329544221493054,0.587267121142758,0.6467689108999142,0.5769258520191635,0.3923860387065357,0.4211837738634713,0.5559767322149792,0.5454671154948018,0.4032657068208667,,,
B2_UPPER300,residual,2,0.3742740767413151,0.30984302199176006,0.2941421555990355,0.28884395340257324,0.27821629744566156,0.3137818524771572,0.4378579876144334,0.5216463645909415,0.3795389701493869,0.270415916886574,0.4134970747056993,0.4815016624150536,0.39411126990830103,,,
B2_UPPER300,residual,3,0.2613541514869881,0.1998882072763192,0.17538832960160716,0.16259373962350876,0.161751125273544,0.27763091301773485,0.3930670136622988,0.23081498477598786,0.2761654557573139,0.2308403215902805,0.19014846790620138,0.33578083434813255,0.3647456892897479,,,
B2_UPPER300,residual,5,0.15041472444535015,0.1163871508587473,0.08499402403044112,0.07626595308082755,0.1506075097109671,0.20263621953765745,0.15206685803973313,0.14960020802865062,0.15777647551227397,0.1159635596429037,0.1466078079747115,0.14945557244363156,0.23127522881739804,,,
B2_UPPER300,residual,8,0.05780611899138596,0.07038264122808627,0.039424070044017476,0.055707621146104086,0.10355904418890494,0.07033958729179937,0.024248301529052232,0.023107157901235194,0.04672605307197466,0.07530872161280466,0.06728909832389861,0.03428015330672083,0.01164142936619647,,,
B2_UPPER300,residual,10,0.02433412663804414,0.051217826600535525,0.03365208069381648,0.052041535366947334,0.023850573989752235,0.008238151307858333,0.00184285596118661,0.0008023321019680566,0.0006480444053638386,0.0006427037672052889,0.00039421934659426117,3.687379003769662e-05,1.615614046764369e-05,,,
