analysis,representation,component,eigenvalue,explained_variance_ratio,cumulative_explained_variance
B1_FULL15,residual,1,7.6876239911142275,0.6918877453379687,0.6918877453379687
B1_FULL15,residual,2,1.531502858463259,0.13783557324676313,0.8297233185847318
B1_FULL15,residual,3,0.8372998260183594,0.07535715709630475,0.9050804756810366
B1_FULL15,residual,4,0.36202809537184233,0.032582603278378953,0.9376630789594155
B1_FULL15,residual,5,0.20459843632056476,0.01841390148232162,0.9560769804417371
B1_FULL15,residual,6,0.14987810251393258,0.01348906014963251,0.9695660405913695
B1_FULL15,residual,7,0.10680584761658307,0.009612548322051552,0.9791785889134211
B1_FULL15,residual,8,0.07797914538861067,0.0070181391739071895,0.9861967280873283
B1_FULL15,residual,9,0.052042144914696914,0.0046838037798415605,0.9908805318671698
B1_FULL15,residual,10,0.04062700451058452,0.0036564387882594275,0.9945369706554292
B1_FULL15,residual,11,0.0216360324237253,0.0019472473821577749,0.996484218037587
B1_FULL15,residual,12,0.01843904835431865,0.0016595181562981507,0.9981437361938852
B1_FULL15,residual,13,0.013631929067224862,0.0012268764286379086,0.9993706126225231
B1_FULL15,residual,14,0.0056996774826683656,0.0005129721494177081,0.9998835847719408
B1_FULL15,residual,15,0.0012934995686604308,0.00011641522805883064,0.9999999999999997
B2_UPPER300,residual,1,7.65844684727233,0.7026452883591228,0.7026452883591228
B2_UPPER300,residual,2,1.5600269765537584,0.14312896944359346,0.8457742578027162
B2_UPPER300,residual,3,0.8613024757537233,0.07902256665213374,0.9247968244548499
B2_UPPER300,residual,4,0.3588489192841871,0.03292358194763758,0.9577204064024875
B2_UPPER300,residual,5,0.18932879164441488,0.01737049117825439,0.9750908975807419
B2_UPPER300,residual,6,0.11070402544058447,0.010156845562742222,0.9852477431434841
B2_UPPER300,residual,7,0.07627982746795627,0.006998502755985812,0.9922462458994699
B2_UPPER300,residual,8,0.044413018803310216,0.004074794671332835,0.9963210405708027
B2_UPPER300,residual,9,0.01896784773810954,0.0017402574058789427,0.9980612979766816
B2_UPPER300,residual,10,0.014024976881556567,0.0012867601122910713,0.9993480580889728
B2_UPPER300,residual,11,0.005805726810349344,0.0005326623883594794,0.9998807204773322
B2_UPPER300,residual,12,0.0013000811354680277,0.00011927952266803851,1.0000000000000002
