product_key,provider,dataset_id,n_polls,n_poll_cycles,n_distinct_valid_times_seen,first_poll,last_poll,observation_span_days,newest_valid_time_now,latency_at_first_sight_days,min_latency_days,max_latency_days,poll_success_rate,caveat
currents_nrt,NASA PO.DAAC,OSCAR_L4_OC_NRT_V2.0,2,2,1,2026-09-05 11:23:42.723033,2026-09-05 11:57:17.028549,0.02331372125,2026-09-03 00:00:00,2.4748000351041664,2.4748000351041664,2.4748000351041664,1.0,"SNAPSHOT latency: newest valid time minus the first poll that saw it. With few poll cycles this is an UPPER BOUND on true provider latency, since the field may have appeared earlier."
currents_reference,NASA PO.DAAC,OSCAR_L4_OC_FINAL_V2.0,4,4,1,2026-09-05 11:23:52.075863,2026-09-05 11:57:26.516765,0.023315288217592593,2025-04-22 00:00:00,501.47536421114586,501.47536421114586,501.47536421114586,0.5,"SNAPSHOT latency: newest valid time minus the first poll that saw it. With few poll cycles this is an UPPER BOUND on true provider latency, since the field may have appeared earlier."
sla_nrt,Copernicus Marine,cmems_obs-sl_glo_phy-ssh_nrt_allsat-l4-duacs-0.125deg_P1D,2,2,1,2026-09-05 11:23:40.054664,2026-09-05 11:57:14.327975,0.023313348506944442,2026-09-05 00:00:00,0.4747691512037037,0.4747691512037037,0.4747691512037037,1.0,"SNAPSHOT latency: newest valid time minus the first poll that saw it. With few poll cycles this is an UPPER BOUND on true provider latency, since the field may have appeared earlier."
sla_reference,Copernicus Marine / C3S,c3s_obs-sl_glo_phy-ssh_my_twosat-l4-duacs-0.25deg_P1D,2,2,1,2026-09-05 11:23:49.408044,2026-09-05 11:57:23.852632,0.02331533087962963,2026-01-16 00:00:00,232.47487740791667,232.47487740791667,232.47487740791667,1.0,"SNAPSHOT latency: newest valid time minus the first poll that saw it. With few poll cycles this is an UPPER BOUND on true provider latency, since the field may have appeared earlier."
sss_nrt_smap,NASA PO.DAAC,SMAP_RSS_L2_SSS_NRT_V6,2,2,1,2026-09-05 11:23:37.952942,2026-09-05 11:57:12.130878,0.02331224462962963,2026-09-05 03:08:14,0.344027233125,0.344027233125,0.344027233125,1.0,"SNAPSHOT latency: newest valid time minus the first poll that saw it. With few poll cycles this is an UPPER BOUND on true provider latency, since the field may have appeared earlier."
sss_nrt_smos,Copernicus Marine,cmems_obs-mob_glo_phy-sss_mynrt_smos-asc_P1D,2,2,1,2026-09-05 11:23:35.286834,2026-09-05 11:57:09.404454,0.02331154652777778,2026-09-03 00:00:00,2.474713967986111,2.474713967986111,2.474713967986111,1.0,"SNAPSHOT latency: newest valid time minus the first poll that saw it. With few poll cycles this is an UPPER BOUND on true provider latency, since the field may have appeared earlier."
sst_nrt,Copernicus Marine,METOFFICE-GLO-SST-L4-NRT-OBS-SST-V2,2,2,1,2026-09-05 11:23:31.645984,2026-09-05 11:57:05.386518,0.023307182106481483,2026-09-04 00:00:00,1.4746718285185185,1.4746718285185185,1.4746718285185185,1.0,"SNAPSHOT latency: newest valid time minus the first poll that saw it. With few poll cycles this is an UPPER BOUND on true provider latency, since the field may have appeared earlier."
sst_reference,Copernicus Marine,METOFFICE-GLO-SST-L4-REP-OBS-SST,2,2,1,2026-09-05 11:23:46.753491,2026-09-05 11:57:21.150499,0.023314780185185183,2026-03-31 00:00:00,158.4748466839236,158.4748466839236,158.4748466839236,1.0,"SNAPSHOT latency: newest valid time minus the first poll that saw it. With few poll cycles this is an UPPER BOUND on true provider latency, since the field may have appeared earlier."
wind_nrt,Copernicus Marine,cmems_obs-wind_glo_phy_nrt_l4_0.125deg_PT1H,2,2,1,2026-09-05 11:23:44.034391,2026-09-05 11:57:18.376020,0.023314139224537036,2026-09-04 23:00:00,0.516481879525463,0.516481879525463,0.516481879525463,1.0,"SNAPSHOT latency: newest valid time minus the first poll that saw it. With few poll cycles this is an UPPER BOUND on true provider latency, since the field may have appeared earlier."
wind_reference,NASA PO.DAAC / RSS,CCMP_WINDS_10M6HR_L4_V3.1,4,4,1,2026-09-05 11:23:53.109633,2026-09-05 11:57:28.482527,0.023326075162037038,2025-04-22 00:00:00,501.4753838878125,501.4753838878125,501.4753838878125,0.5,"SNAPSHOT latency: newest valid time minus the first poll that saw it. With few poll cycles this is an UPPER BOUND on true provider latency, since the field may have appeared earlier."
